dataset_index;horizon;regressor;mape;pocid;smape;rmse;msmape;mae;test;predictions;start_test;final_test
2;24;DWT_ridge_log;0.1717952854261399;52.17391304347826;0.1890188510261439;9.427300813017167;0.18882192552148866;9.071251681415387;[45.65, 50.703001, 50.690001, 50.139999, 49.6175, 50.568998, 53.383501, 54.911499, 56.292, 57.927, 55.354, 55.957001, 51.480501, 49.5905, 50.917501, 50.314499, 49.604, 50.126499, 53.490501, 53.691999, 54.4555, 54.027, 50.153502, 53.289499];"[41.95835188 41.73807602 42.12728618 42.43400051 42.62229936 42.86085398
 43.26452542 43.67665139 43.79543048 43.94579764 43.94959811 44.04254881
 43.84982485 43.56680877 43.76490667 43.94798636 43.85070698 43.65038432
 43.03252489 42.47522919 42.47642503 42.66932291 42.52340652 42.4030144 ]";2018-06-26 08:00:00;2018-06-26 19:30:00
1;24;DWT_ridge_log;0.20976480534198697;34.78260869565217;0.2369217223589609;2.7081315335777476;0.23582539072785177;2.5516350071254337;[11.0155, 12.607, 11.9785, 11.3925, 10.764, 11.0575, 11.8115, 13.319, 13.11, 12.984, 12.1465, 12.272, 11.309, 11.141, 11.769, 11.141, 11.225, 11.4345, 12.5235, 13.1935, 13.403, 12.3555, 10.5545, 11.769];"[9.10121059 9.07794233 9.25941917 9.32766297 9.33493937 9.42930658
 9.54617236 9.53491302 9.48188743 9.48345378 9.46066226 9.45604299
 9.4865225  9.42644627 9.47440152 9.66398659 9.67300275 9.45107575
 9.15976443 9.00318823 9.12650168 9.34297258 9.39764242 9.33814226]";2018-06-26 08:00:00;2018-06-26 19:30:00
5;24;DWT_ridge_log;0.4679734699734965;30.434782608695652;0.6257894947864296;0.9934451045950721;0.6035264192949362;0.8847677003076123;[-1.375, -2.591, -2.591, -2.591, -2.591, -2.591, -2.591, -2.175, -1.759, -1.759, -1.759, -1.61, -1.461, -1.578, -1.258, -1.3115, -1.29, -1.418, -1.418, -1.418, -1.418, -1.418, -1.418, -1.418];"[-1.15769342 -1.17295426 -1.09416215 -1.01055786 -0.98571803 -0.96048346
 -0.87615336 -0.84951051 -0.80908701 -0.87185439 -0.8516647  -0.90395691
 -0.84523448 -0.81000456 -0.82899874 -0.85650684 -0.85378643 -0.86383739
 -0.85947862 -0.83936386 -0.80790187 -0.79127886 -0.82797208 -0.84491542]";2018-06-26 08:00:00;2018-06-26 19:30:00
3;24;DWT_ridge_log;0.19671889886681534;43.47826086956522;0.22021123104424867;2.644054000231604;0.21924760281102706;2.5074551469109347;[12.143, 13.6175, 13.0545, 12.2905, 11.9285, 11.9555, 12.8535, 13.9925, 13.5635, 12.88, 12.2505, 12.304, 11.821, 11.634, 12.304, 11.875, 11.5935, 12.103, 13.041, 13.6305, 13.7245, 12.947, 11.232, 12.304];"[10.01992833  9.85542879  9.98785249 10.11591989 10.05882283 10.13584024
 10.25666703 10.18981907 10.1267817  10.12013296 10.09546303 10.08689709
 10.07112595 10.01746397 10.0838636  10.26067597 10.29917044 10.10443464
  9.79598057  9.61715173  9.69740347  9.89618888  9.99545708  9.9756067 ]";2018-06-26 08:00:00;2018-06-26 19:30:00
0;24;DWT_ridge_log;0.20598188773235093;60.869565217391305;0.23127281084338283;8.96710490237364;0.23096115506375411;8.586627050175188;[33.758499, 38.952002, 38.617001, 38.701, 37.904999, 39.286999, 41.967501, 44.0205, 45.025501, 47.245001, 44.816, 45.025501, 40.627501, 39.245001, 39.914999, 39.119501, 39.161499, 39.119499, 42.219002, 42.638, 43.5175, 42.554501, 39.245001, 41.841999];"[30.52505946 30.89850005 31.4572093  31.6784445  31.82390823 32.0877262
 32.54592528 32.91917244 32.96343613 33.11850672 33.06447594 33.19063356
 33.22158002 32.9515436  33.03564847 33.22855756 33.18613505 33.02048863
 32.50865673 32.10171422 32.26786005 32.39220673 32.20346837 32.05460056]";2018-06-26 08:00:00;2018-06-26 19:30:00
4;24;DWT_ridge_log;0.07635042471621749;30.434782608695652;0.08021811349352997;0.9730037246678171;0.07984475883250335;0.8582443750266494;[-11.536, -11.536, -11.536, -11.536, -11.536, -11.536, -11.536, -10.923, -11.578, -10.96, -10.342, -10.342, -10.342, -10.3365, -10.331, -10.9545, -10.331, -10.331, -10.9495, -10.96, -10.299, -11.525, -10.912, -11.536];"[-10.50715372 -10.36222645 -10.39990876 -10.29353635 -10.18658248
 -10.25898406 -10.20684867 -10.15819958 -10.12268276 -10.10482148
 -10.09458677 -10.12846474 -10.09685826 -10.0739063  -10.04559997
 -10.02074364  -9.99770109 -10.02459697 -10.01464854 -10.00427925
 -10.01041469  -9.96237686  -9.99712691 -10.03438671]";2018-06-26 08:00:00;2018-06-26 19:30:00
3;24;DWT_ridge_log;0.10788994238176998;47.82608695652174;0.10729014793943854;1.3489071003382995;0.10677505025206135;1.117640678084786;[11.647, 12.3575, 11.9685, 11.7005, 11.8615, 12.639, 11.9285, 10.3205, 11.245, 10.4275, 9.824, 9.489, 10.106, 9.583, 9.0875, 10.4405, 10.4405, 9.047, 8.6315, 8.31, 8.457, 10.1995, 11.446, 10.5075];"[10.36784749 10.37237529 10.2703419  10.22461397 10.26072367 10.17677551
 10.04185918 10.04720976 10.13393405 10.18037529 10.21048236 10.31227523
 10.36509277 10.36488174 10.405041   10.46992062 10.54675249 10.57458725
 10.56369697 10.52183251 10.44317134 10.35641143 10.31996993 10.34824338]";2018-06-25 20:00:00;2018-06-26 07:30:00
1;24;DWT_ridge_log;0.14452848450770936;43.47826086956522;0.15099576907175236;1.9110928639317635;0.15026315750234764;1.564721396501738;[11.6855, 12.565, 12.8165, 12.775, 12.733, 13.4445, 12.691, 10.513, 11.9365, 10.3035, 10.0525, 9.1725, 9.7175, 9.6335, 8.4605, 9.9685, 10.3875, 8.2095, 8.0415, 7.7065, 7.7905, 10.3035, 11.0995, 9.4655];"[ 9.98478388 10.01478214  9.85428991  9.74757989  9.77971961  9.69534492
  9.41026459  9.34572695  9.44565245  9.45788303  9.38755768  9.3759682
  9.4965545   9.65502167  9.72480659  9.71466345  9.728953    9.75223581
  9.75250554  9.75134749  9.72598479  9.65822008  9.62252205  9.64744154]";2018-06-25 20:00:00;2018-06-26 07:30:00
2;24;DWT_ridge_log;0.10703031809726828;52.17391304347826;0.10353272266603142;5.347068825361832;0.10341970809855579;4.764486821180502;[53.691999, 55.354, 54.522499, 53.129, 52.605999, 54.4025, 51.8155, 47.526499, 49.738501, 46.481501, 45.02, 43.358, 44.751999, 43.1705, 40.717499, 43.532999, 43.385, 39.0695, 39.310999, 37.649, 37.367001, 40.624001, 44.202999, 41.6425];"[48.82333308 48.58379348 48.12290556 47.81049285 47.63165476 47.28705373
 46.80007997 46.78587178 46.91069048 46.92912832 46.97127751 46.80807223
 46.55808539 46.33358249 46.28983832 46.48363546 46.6142879  46.7422373
 46.71358487 46.8002536  46.7986297  46.74017273 46.8826892  46.9350854 ]";2018-06-25 20:00:00;2018-06-26 07:30:00
0;24;DWT_ridge_log;0.15172590155991186;56.52173913043478;0.1435658919663989;5.795050240958329;0.1433662357256175;5.206735788488721;[44.061998, 45.318499, 45.737499, 44.8995, 43.936001, 44.8995, 42.973001, 38.0305, 41.255501, 36.146, 35.726999, 33.632501, 34.931499, 34.2195, 30.324, 33.255999, 33.4235, 29.0255, 29.319, 27.5175, 26.8895, 31.9155, 33.758501, 30.2825];"[39.48356024 39.19251393 38.72550435 38.36165111 38.16289482 37.86639737
 37.4003722  37.31439137 37.44953806 37.41114335 37.36377695 37.20683867
 37.06179409 36.93603558 36.91916002 37.03541163 37.10518504 37.16450174
 37.15776288 37.28463022 37.33981194 37.30835142 37.4023134  37.47776544]";2018-06-25 20:00:00;2018-06-26 07:30:00
5;24;DWT_ridge_log;1921932984876420.0;52.17391304347826;0.8833694170757117;0.9361580005033696;0.8334644093881926;0.7853588244825646;[-1.5405, -1.567, 0.0, 0.0, -0.6185, -0.613, 0.0, -0.645, 0.0, -1.231, 0.0, -1.2635, -1.2795, 0.0, -1.354, -1.237, -1.2955, -0.6505, -1.4605, -0.613, -0.6185, 0.0, -1.295, -1.375];"[-1.28933375 -1.31131026 -1.27987126 -1.28579874 -1.34043805 -1.38101176
 -1.41109398 -1.43456766 -1.4641325  -1.49646718 -1.53417869 -1.56565024
 -1.59435633 -1.62235164 -1.63423635 -1.64128254 -1.65506615 -1.66304912
 -1.66999133 -1.66723987 -1.65030776 -1.64468961 -1.63666242 -1.61881264]";2018-06-25 20:00:00;2018-06-26 07:30:00
4;24;DWT_ridge_log;0.07286616164094945;34.78260869565217;0.06864152251976052;0.844009100535058;0.06828058642257089;0.6507418721687707;[-9.499, -9.489, -8.8705, -8.263, -7.6815, -10.059, -8.977, -9.1795, -8.737, -9.425, -9.425, -10.054, -9.425, -9.425, -9.457, -10.0965, -9.489, -10.251, -10.1495, -9.553, -10.363, -8.689, -10.31, -10.923];"[ -9.56865958  -9.66406796  -9.71632696  -9.78112863  -9.84612726
  -9.90004761  -9.93881219  -9.97810384 -10.00367591 -10.01968581
 -10.05772057 -10.10600714 -10.15327652 -10.16842223 -10.15411878
 -10.19624195 -10.21704456 -10.23498519 -10.23928721 -10.20179086
 -10.17816588 -10.15870292 -10.13939787 -10.1202994 ]";2018-06-25 20:00:00;2018-06-26 07:30:00
3;24;DWT_ridge_log;0.1918986838611255;47.82608695652174;0.2171841577993093;2.5528513708349174;0.21614489577277743;2.2655721468699928;[9.355, 11.9955, 11.178, 9.824, 11.312, 11.419, 11.62, 11.165, 11.808, 13.8585, 12.827, 12.679, 12.746, 12.746, 11.969, 11.2985, 11.768, 11.433, 10.8965, 10.1995, 9.9585, 10.186, 9.409, 10.0655];"[7.95957139 8.48557454 8.83892552 8.93234723 8.89277333 9.00821601
 9.19761453 9.13078836 9.05996391 9.071803   9.03589369 9.07208647
 9.14569008 9.08521643 8.98823793 9.07192121 9.21196683 9.3073498
 9.31351779 9.31752203 9.39350999 9.41464107 9.28436015 9.12327717]";2018-06-25 08:00:00;2018-06-25 19:30:00
0;24;DWT_ridge_log;0.25400634733255306;56.52173913043478;0.29379751687107813;9.884118539271144;0.2933381799806113;9.41731965948767;[26.889501, 30.0725, 31.873499, 30.9945, 31.036, 32.795, 33.800499, 33.841999, 35.9785, 39.077999, 37.821001, 37.193001, 36.313499, 36.146, 37.989, 38.0725, 40.417999, 40.082998, 40.2085, 38.91, 39.747499, 40.2085, 38.449499, 39.873501];"[24.81364674 25.20364693 25.57548423 25.78176267 25.86511512 26.03430129
 26.27365203 26.36439407 26.33767732 26.55368669 26.69755792 26.81788201
 27.18788657 27.3288309  27.17739669 27.27086161 27.48674545 27.67693067
 27.65470959 27.49710412 27.56052557 27.712617   27.52469081 27.38071617]";2018-06-25 08:00:00;2018-06-25 19:30:00
1;24;DWT_ridge_log;0.23707674012961463;34.78260869565217;0.27490058423449654;2.980736269072355;0.2734771175504614;2.656032808999453;[8.586, 10.6805, 10.094, 8.67, 10.0525, 10.052, 10.387, 9.968, 10.597, 13.026, 12.272, 11.9785, 12.1465, 12.1885, 14.492, 10.722, 11.0155, 10.764, 10.5965, 9.8845, 9.9265, 10.136, 9.173, 9.759];"[7.23481604 7.65745056 7.96727193 7.99143945 7.96414135 8.04205841
 8.16584867 8.13385448 8.05940516 8.03863623 8.04902842 8.05385298
 8.1130789  8.08114985 7.94884692 7.96484567 8.06725023 8.15138867
 8.21957928 8.26197737 8.35778566 8.41989123 8.31447207 8.16464305]";2018-06-25 08:00:00;2018-06-25 19:30:00
5;24;DWT_ridge_log;0.563988027649862;8.695652173913043;0.7797967099495141;1.2115735728596926;0.7524820890979188;1.109344958321301;[-0.6235, -1.247, -1.247, -1.247, -1.855, -2.463, -2.463, -2.463, -2.463, -2.463, -2.463, -2.463, -2.463, -2.463, -2.1535, -1.844, -1.844, -1.844, -1.844, -1.844, -1.3485, -1.4285, -1.535, -1.29];"[-1.10343112 -0.91040889 -0.90579211 -0.91454916 -0.78058929 -0.79269223
 -0.75336586 -0.74609485 -0.78607073 -0.8529459  -0.88932624 -0.87623547
 -0.86267961 -0.78775154 -0.78913098 -0.82589106 -0.82901455 -0.82496457
 -0.82587    -0.75247494 -0.73291215 -0.719339   -0.70428591 -0.73176709]";2018-06-25 08:00:00;2018-06-25 19:30:00
2;24;DWT_ridge_log;0.21952653878085293;52.17391304347826;0.24818963563165486;10.856378921353285;0.24789594172126908;10.49039005088334;[37.4475, 42.045, 43.345001, 42.487001, 43.304499, 44.657999, 45.650499, 45.516001, 47.902, 49.979, 48.9335, 48.6255, 47.419001, 46.869499, 48.076, 48.960501, 51.547499, 50.931, 50.997999, 48.893501, 49.1485, 49.323, 47.8755, 49.604];"[35.25531395 35.44785156 35.82287223 35.85438144 35.83969386 36.06387907
 36.23778362 36.13090266 36.04268699 36.32255391 36.50461407 36.60349882
 36.86807256 36.88658615 36.71730948 36.88497916 37.20256611 37.49271839
 37.27860385 37.15111838 37.30770125 37.48720277 37.23716823 37.13008026]";2018-06-25 08:00:00;2018-06-25 19:30:00
4;24;DWT_ridge_log;0.1016265094159715;21.73913043478261;0.1093775836765304;1.3973283807873242;0.10886210146177992;1.156304270853961;[-10.1655, -11.983, -11.983, -11.983, -11.983, -11.983, -11.3545, -11.962, -11.9675, -10.757, -10.757, -10.757, -10.757, -10.757, -9.542, -10.757, -10.757, -10.757, -10.757, -9.499, -9.499, -9.499, -9.499, -9.499];"[-9.7702816  -9.7926671  -9.74136763 -9.7805248  -9.78073132 -9.77395494
 -9.75987884 -9.70823971 -9.71291713 -9.75141895 -9.76013669 -9.77061711
 -9.75159404 -9.67853528 -9.69333544 -9.7310397  -9.73364813 -9.71910509
 -9.70844566 -9.65369593 -9.65150673 -9.68398688 -9.67794685 -9.6754344 ]";2018-06-25 08:00:00;2018-06-25 19:30:00
1;24;DWT_ridge_log;0.12377230285160569;52.17391304347826;0.12981572701373464;1.6877562458201867;0.1291890518947106;1.35106644250987;[11.937, 11.183, 12.0625, 12.607, 12.984, 12.272, 12.5235, 12.1045, 11.7695, 10.3035, 10.9735, 11.3925, 10.5965, 11.2665, 10.387, 9.4235, 10.429, 9.885, 10.5125, 9.759, 8.8375, 8.586, 9.3405, 6.827];"[11.13563022 10.97103878 10.48289777  9.9363317   9.65619493  9.55578634
  9.56595929  9.61386517  9.61534927  9.60653256  9.62705303  9.67738165
  9.59045939  9.51303913  9.55901287  9.60906808  9.7447316   9.90301414
  9.95282607  9.89364607  9.67786642  9.44993761  9.44957042  9.60108166]";2018-06-24 20:00:00;2018-06-25 07:30:00
0;24;DWT_ridge_log;0.11086725662765227;52.17391304347826;0.10538286747482649;4.039761256171708;0.10521847094621961;3.3941851807883734;[37.947001, 35.392, 37.947001, 38.659, 39.119499, 37.862999, 36.062, 35.392, 34.554001, 31.413, 33.214001, 33.4655, 31.622499, 32.251, 31.832, 27.9785, 30.4495, 29.7795, 30.826999, 28.3555, 26.5965, 26.0935, 28.481, 24.67];"[34.80479989 34.32707685 34.173239   33.84272266 33.604693   33.39467717
 33.22188112 33.27106297 33.29724816 33.36942678 33.48918464 33.61583768
 33.41160578 33.05958302 33.02356939 33.03837352 33.24245684 33.47675825
 33.4854637  33.5210876  33.22736027 33.0574309  33.2088826  33.26432219]";2018-06-24 20:00:00;2018-06-25 07:30:00
3;24;DWT_ridge_log;0.09386072673599899;47.82608695652174;0.09214032328561554;1.2426010558184553;0.09170708288203551;0.9817993309746188;[12.2365, 11.7945, 12.0355, 12.21, 12.572, 12.1565, 12.4245, 11.915, 11.915, 10.5615, 11.218, 11.62, 10.923, 11.406, 10.6825, 10.2935, 11.044, 10.1595, 11.191, 9.7705, 8.953, 9.1005, 9.61, 7.68];"[11.8434507  11.76019871 11.23858858 10.67938999 10.49723151 10.4746115
 10.48269313 10.58105419 10.61037349 10.56696425 10.66525829 10.75276812
 10.64363964 10.62797663 10.69152532 10.77092348 10.91315685 11.05033735
 11.11842823 11.02654918 10.76859138 10.5243457  10.51753778 10.68472908]";2018-06-24 20:00:00;2018-06-25 07:30:00
5;24;DWT_ridge_log;1819607712839615.0;43.47826086956522;0.8633542698168984;1.0033459036354035;0.8193283747677972;0.8443161271569256;[-1.247, -1.247, -0.6235, 0.0, 0.0, -0.7675, -0.773, -0.6235, -1.2315, -1.2205, -1.237, -0.6185, -1.2635, 0.0, -0.629, -1.247, -1.3165, -0.6185, -1.45, 0.0, 0.0, -0.6075, 0.0, -1.263];"[-1.26210058 -1.30355113 -1.35495757 -1.38754636 -1.41368423 -1.41558546
 -1.43542768 -1.46514622 -1.52088891 -1.56416746 -1.60488297 -1.63849879
 -1.6728726  -1.70668891 -1.74670876 -1.77688495 -1.80701481 -1.81053994
 -1.78282393 -1.75940995 -1.73623197 -1.71406502 -1.6932564  -1.67465247]";2018-06-24 20:00:00;2018-06-25 07:30:00
2;24;DWT_ridge_log;0.08767020979601137;52.17391304347826;0.08437296721564157;4.1419943133664;0.08427254286055819;3.552189351285762;[48.371, 46.615002, 47.848499, 47.808001, 48.330999, 47.244999, 46.066, 44.966499, 44.2565, 41.1735, 43.130501, 43.546, 40.959002, 40.824999, 40.744501, 38.452499, 40.557499, 39.914, 41.281, 37.018999, 36.201, 36.5765, 38.171501, 34.619499];"[44.5883238  44.44763076 44.19723132 43.62038813 43.39272372 43.15579949
 42.93714479 43.02006422 43.06280249 43.14157352 43.32361676 43.4844665
 43.24554457 42.89979697 42.85555875 42.99093954 43.30716447 43.57731657
 43.56809346 43.65069241 43.30917244 43.14164965 43.34126175 43.37823977]";2018-06-24 20:00:00;2018-06-25 07:30:00
4;24;DWT_ridge_log;0.15009294353320637;47.82608695652174;0.137232783639778;1.5485100465387562;0.13656625390455365;1.4068776863142916;[-10.779, -10.779, -10.15, -9.521, -9.489, -9.457, -9.867, -9.2755, -9.595, -9.553, -9.5635, -9.574, -9.574, -8.327, -9.627, -10.2615, -10.283, -9.627, -9.627, -8.401, -9.014, -10.2615, -9.681, -9.649];"[-10.73981423 -10.79028993 -10.83808455 -10.85111744 -10.87567978
 -10.89085188 -10.90746226 -10.92631577 -10.97109474 -11.04337294
 -11.10427139 -11.13510287 -11.16308277 -11.20063632 -11.23150662
 -11.26020794 -11.28059253 -11.24662159 -11.21081704 -11.21001173
 -11.20198618 -11.19087132 -11.18162295 -11.17127818]";2018-06-24 20:00:00;2018-06-25 07:30:00
6;24;DWT_ridge_log;0.050977662799918146;60.869565217391305;0.05247052757756132;2.5283247937641407;0.052412706301269506;2.379531753338387;[41.262251, 41.811499, 42.91025, 43.899, 44.668001, 45.876501, 46.6455, 46.425751, 46.096251, 46.6455, 46.865501, 47.084999, 47.084999, 47.084999, 47.414749, 48.07375, 48.183498, 48.183498, 48.183498, 47.5245, 46.865501, 46.205999, 45.7665, 45.43675];"[40.85606724 41.31351508 41.77996847 42.258682   42.6942376  43.09550111
 43.46921601 43.80206276 44.10177916 44.34542638 44.53485483 44.68894218
 44.7911105  44.81773818 44.80239604 44.75498984 44.67514158 44.5632549
 44.42500342 44.2677019  44.08954435 43.88485233 43.65692734 43.42156971]";2018-06-26 08:00:00;2018-06-26 19:30:00
6;24;DWT_ridge_log;0.04857135109664571;52.17391304347826;0.047736375642570446;2.407748227967743;0.047678898638662426;1.980648916593821;[44.582251, 43.92325, 43.581499, 43.23975, 42.9105, 42.5805, 42.470501, 42.250999, 42.140999, 41.811501, 41.591751, 41.372002, 40.932499, 40.493, 40.383249, 40.1635, 40.053501, 39.834, 39.614498, 39.614498, 39.614498, 39.614498, 39.834, 40.383001];"[44.48466172 43.64503984 42.84077602 42.08096137 41.4101462  40.84230809
 40.37792691 40.03446338 39.761318   39.58189486 39.50978521 39.53568823
 39.68123187 39.9370548  40.28499088 40.7159594  41.20342455 41.72912314
 42.28529582 42.86001504 43.44572987 44.03016158 44.59817224 45.13768274]";2018-06-25 20:00:00;2018-06-26 07:30:00
6;24;DWT_ridge_log;0.17502616405686788;86.95652173913044;0.19515618384952202;9.184790529371602;0.1949287943821755;8.37567385007055;[36.23275, 37.002001, 38.430248, 39.968, 41.50625, 43.813499, 44.912001, 46.230501, 46.67025, 47.768749, 48.866999, 49.74625, 50.625, 50.844501, 50.625, 50.2955, 49.63625, 49.086498, 48.757, 48.317751, 47.768749, 47.109499, 46.230501, 45.3515];"[35.97297223 36.3978937  36.80554127 37.15774129 37.49918606 37.78521328
 38.02208962 38.2103277  38.33810339 38.43004973 38.48130069 38.47271458
 38.43408444 38.37567391 38.29294069 38.19314446 38.06626408 37.92814076
 37.77575407 37.60446444 37.42091168 37.22853513 37.03627061 36.84975677]";2018-06-25 08:00:00;2018-06-25 19:30:00
6;24;DWT_ridge_log;0.03057830747581074;34.78260869565217;0.030218631966290026;1.2575170067165757;0.030175891914754335;1.0670082361758604;[36.782001, 36.5625, 36.233, 35.903, 35.464001, 35.464001, 35.464001, 35.464001, 35.464001, 35.464001, 35.464001, 35.023998, 35.023998, 35.023998, 34.584999, 34.475, 34.1455, 34.1455, 34.1455, 34.1455, 34.365501, 34.69475, 35.133999, 35.57375];"[36.60613221 36.25097659 35.84869703 35.45526218 35.10078481 34.76202139
 34.51145893 34.31735463 34.21502837 34.22608322 34.29224635 34.40599889
 34.57381417 34.77649695 34.99209258 35.21788617 35.46395023 35.7392198
 36.02005865 36.29953062 36.57385956 36.84114216 37.09297323 37.31933738]";2018-06-24 20:00:00;2018-06-25 07:30:00
