comparates,orchestrator_react_gpt-oss,ADE,FFORMA,mean,median,orchestrator_react_qwen,dba
orchestrator_react_gpt-oss,"Mean-Difference
r>c / r=c / r<c
Wilcoxon p-value","-0.0001
50 / 0 / 61
0.0000 / 1.0000 / 0.0000
0.8854","-0.0020
51 / 0 / 60
0.0000 / 1.0000 / 0.0000
0.2027","-0.0023
40 / 9 / 62
0.0000 / 1.0000 / 0.0000
0.1008","-0.0025
51 / 19 / 41
0.0000 / 1.0000 / 0.0000
0.6264","-0.0024
25 / 54 / 32
0.0000 / 1.0000 / 0.0000
0.3782","-0.0049
40 / 0 / 71
0.0000 / 0.9987 / 0.0013
0.0007"
ADE,"0.0001
61 / 0 / 50
0.0000 / 1.0000 / 0.0000
0.8854",-,"-0.0019
55 / 0 / 56
0.0000 / 1.0000 / 0.0000
0.5174","-0.0021
53 / 0 / 58
0.0000 / 1.0000 / 0.0000
0.2648","-0.0023
62 / 0 / 49
0.0000 / 1.0000 / 0.0000
0.9437","-0.0023
64 / 0 / 47
0.0000 / 1.0000 / 0.0000
0.9695","-0.0048
43 / 0 / 68
0.0000 / 1.0000 / 0.0000
0.0003"
FFORMA,"0.0020
60 / 0 / 51
0.0000 / 1.0000 / 0.0000
0.2027","0.0019
56 / 0 / 55
0.0000 / 1.0000 / 0.0000
0.5174",-,"-0.0003
27 / 0 / 84
0.0000 / 1.0000 / 0.0000
 $\leq$ 1e-04","-0.0005
60 / 0 / 51
0.0000 / 1.0000 / 0.0000
0.6294","-0.0004
59 / 0 / 52
0.0001 / 0.9999 / 0.0000
0.3495","-0.0029
36 / 0 / 75
0.0000 / 1.0000 / 0.0000
 $\leq$ 1e-04"
mean,"0.0023
62 / 9 / 40
0.0001 / 0.9999 / 0.0000
0.1008","0.0021
58 / 0 / 53
0.0000 / 1.0000 / 0.0000
0.2648","0.0003
84 / 0 / 27
0.0000 / 1.0000 / 0.0000
 $\leq$ 1e-04",-,"-0.0002
61 / 0 / 50
0.0000 / 1.0000 / 0.0000
0.4819","-0.0002
59 / 8 / 44
0.0001 / 0.9999 / 0.0000
0.2242","-0.0026
39 / 0 / 72
0.0000 / 1.0000 / 0.0000
0.0001"
median,"0.0025
41 / 19 / 51
0.0000 / 1.0000 / 0.0000
0.6264","0.0023
49 / 0 / 62
0.0000 / 1.0000 / 0.0000
0.9437","0.0005
51 / 0 / 60
0.0000 / 1.0000 / 0.0000
0.6294","0.0002
50 / 0 / 61
0.0000 / 1.0000 / 0.0000
0.4819",-,"0.0000
44 / 17 / 50
0.0000 / 1.0000 / 0.0000
0.8216","-0.0024
46 / 0 / 65
0.0000 / 1.0000 / 0.0000
0.0139"
orchestrator_react_qwen,"0.0024
32 / 54 / 25
0.0000 / 1.0000 / 0.0000
0.3782","0.0023
47 / 0 / 64
0.0000 / 1.0000 / 0.0000
0.9695","0.0004
52 / 0 / 59
0.0000 / 0.9999 / 0.0001
0.3495","0.0002
44 / 8 / 59
0.0000 / 0.9999 / 0.0001
0.2242","-0.0000
50 / 17 / 44
0.0000 / 1.0000 / 0.0000
0.8216",-,"-0.0025
41 / 0 / 70
0.0000 / 0.9947 / 0.0053
0.0059"
dba,"0.0049
71 / 0 / 40
0.0011 / 0.9989 / 0.0000
0.0007","0.0048
68 / 0 / 43
0.0000 / 1.0000 / 0.0000
0.0003","0.0029
75 / 0 / 36
0.0000 / 1.0000 / 0.0000
 $\leq$ 1e-04","0.0026
72 / 0 / 39
0.0000 / 1.0000 / 0.0000
0.0001","0.0024
65 / 0 / 46
0.0000 / 1.0000 / 0.0000
0.0139","0.0025
70 / 0 / 41
0.0052 / 0.9948 / 0.0000
0.0059","If in bold, then
p-value < 0.05"
