PRODUCT;ESTADO;MODEL;PARAMETERS;HORIZON;WINDOW;RRMSE;POCID;P1;P2;P3;P4;P5;P6;P7;P8;P9;P10;P11;P12
gasolinadeaviacao;RR;ETS_normal;auto_ets();12;12;0.584745152685126;0.0;54.29470804618776;54.29470804618776;54.29470804618776;54.29470804618776;54.29470804618776;54.29470804618776;54.29470804618776;54.29470804618776;54.29470804618776;54.29470804618776;54.29470804618776;54.29470804618776
oleocombustivel;PA;ETS_normal;auto_ets();12;12;0.1294941160249435;81.81818181818181;47603.93164180735;66853.85681260584;66686.55570798933;58583.32068641797;58093.30313969654;64686.39654831584;68663.74631968793;59533.36583380002;65652.35694160008;63645.89645341603;69335.24726819216;58590.337193875166
oleocombustivel;SP;ETS_normal;auto_ets();12;12;0.4934210223114112;63.63636363636363;-51489.766668696626;24586.427406345974;-37463.999011562875;8651.823473427125;65139.784715901726;92959.34591206338;126077.15821926924;95802.89017467294;115348.8358234895;66489.62473947975;49302.9493464268;37324.09909732308
oleocombustivel;TO;ETS_normal;auto_ets();12;12;0.34462295775992396;0.0;25.511102929873445;25.511102929873445;25.511102929873445;25.511102929873445;25.511102929873445;25.511102929873445;25.511102929873445;25.511102929873445;25.511102929873445;25.511102929873445;25.511102929873445;25.511102929873445
oleodiesel;DF;ETS_normal;auto_ets();12;12;0.2282818258745725;81.81818181818181;18105.01030452551;26867.804303727138;25174.856476750334;27911.502179886676;26568.536052135147;28536.50184008789;31197.52209925353;29547.4532615868;31628.81876221064;25502.573928452628;25724.475713369055;18670.479478089685
gasolinadeaviacao;PB;ETS_normal;auto_ets();12;12;0.7551737182215923;63.63636363636363;14.525607334872609;13.4328423727328;7.947081707139927;16.150940882921482;13.557566453328008;16.175639419517832;19.623099311389623;19.41774738788705;20.421014766712407;13.844376178644884;13.788933592534365;18.034045326932425
GLP;ES;ETS_normal;auto_ets();12;12;0.1296631868641655;63.63636363636363;15955.159516047574;19413.366768957218;18693.75250653043;21215.34358626069;21059.203363169036;22299.85585814926;22309.339851282024;20464.970545293687;20768.132617198415;19164.087405161757;21264.578612767666;18160.43391401558
GLP;RS;ETS_normal;auto_ets();12;12;0.03671308285621118;63.63636363636363;53766.90922478553;64850.1410666845;64190.44700560165;70748.98899984323;74278.30302301915;76382.16182113353;74501.84141782041;68768.73549805675;68717.99547744726;63542.62980404621;62652.46561088246;56775.21120949444
gasolinadeaviacao;MG;ETS_normal;auto_ets();12;12;0.2070242529464037;72.72727272727273;249.56436479316085;290.7254369061505;271.85134847622385;292.47576489313565;284.8886925163889;298.1446466708281;301.3920719233906;296.56735498241477;224.8119400644186;176.48518731413355;226.81176361464412;257.1787530369194
oleocombustivel;PR;ETS_normal;auto_ets();12;12;0.6250079654940152;63.63636363636363;12742.938165530662;30647.80882271779;31258.51509308469;27884.26387395558;29876.117229990257;33084.15533671563;29984.06472012252;25796.296935775983;29778.194368116237;22779.209938197524;17375.35884122249;17532.750891887306
etanolhidratado;SP;ETS_normal;auto_ets();12;12;0.7861365858871644;81.81818181818181;156595.79428315343;332672.7075132206;325994.9948033084;401383.8526560729;326462.6140422558;373702.615164773;431693.10598936;407508.5073270665;487547.8570754613;310050.78550550016;552056.5303089267;222121.89229166365
etanolhidratado;PA;ETS_normal;auto_ets();12;12;0.4925421636782009;63.63636363636363;1082.2703034103433;2963.8142924229574;1858.26464905387;2864.6904006372306;2512.7300014725192;3846.533259908014;3479.1407161982097;3776.664359794278;4481.9340631898385;2762.725077847529;5425.751953259546;2793.8234578279967
etanolhidratado;AP;ETS_normal;auto_ets();12;12;1.4354227905284336;0.0;412.095212088491;412.095212088491;412.095212088491;412.095212088491;412.095212088491;412.095212088491;412.095212088491;412.095212088491;412.095212088491;412.095212088491;412.095212088491;412.095212088491
gasolinadeaviacao;PR;ETS_normal;auto_ets();12;12;0.2643131928438906;81.81818181818181;315.38937400191605;395.0353344037586;290.1379946043606;275.41127856145727;219.2320448703733;219.36515691274408;254.04310633820103;236.60292237671098;229.7031788337291;272.90693127891745;340.4841702057062;334.58026822068246
gasolinadeaviacao;SE;ETS_normal;auto_ets();12;12;0.638078774014896;0.0;2.3308076255173393;2.3308076255173393;2.3308076255173393;2.3308076255173393;2.3308076255173393;2.3308076255173393;2.3308076255173393;2.3308076255173393;2.3308076255173393;2.3308076255173393;2.3308076255173393;2.3308076255173393
etanolhidratado;MA;ETS_normal;auto_ets();12;12;0.7173657502180992;63.63636363636363;-439.06385456360204;439.31379133692053;-199.3208213829762;-59.64601689937126;91.82995240996388;1865.15996200507;1946.2089326111723;1255.9316988270216;2401.938904082646;842.1892536781897;2679.289178407149;1727.8271132597733
gasolinadeaviacao;RN;ETS_normal;auto_ets();12;12;0.6134899434020734;54.54545454545455;15.643454405156044;18.86538691412655;17.995917349718834;16.10170291969409;18.993616371089395;15.468982026958347;25.074246901951536;24.370311086675613;17.244273981409904;27.51508765131884;21.5462862918541;20.021988904149882
gasolinadeaviacao;AP;ETS_normal;auto_ets();12;12;0.9654701612171713;0.0;30.826090325085374;30.826090325085374;30.826090325085374;30.826090325085374;30.826090325085374;30.826090325085374;30.826090325085374;30.826090325085374;30.826090325085374;30.826090325085374;30.826090325085374;30.826090325085374
oleodiesel;PI;ETS_normal;auto_ets();12;12;0.9339985776167392;81.81818181818181;7149.634167510696;19491.059799278784;18809.169418105892;21853.172753137213;26177.11064132711;34569.92219879568;35421.967960322494;31576.052746055033;34557.14306061452;30269.51566186915;34241.63668207709;19588.6637416979
etanolhidratado;RJ;ETS_normal;auto_ets();12;12;0.7711723258837316;72.72727272727273;9713.495964365902;23252.39510802181;17802.772837967434;17305.19379566026;18472.27083654171;25309.277254436347;31425.458968594507;30868.4676319632;40724.68216030372;25902.508835138222;46148.7665210166;24436.96814924731
gasolinadeaviacao;PI;ETS_normal;auto_ets();12;12;0.6502100744005349;0.0;56.39011913951036;56.39011913951036;56.39011913951036;56.39011913951036;56.39011913951036;56.39011913951036;56.39011913951036;56.39011913951036;56.39011913951036;56.39011913951036;56.39011913951036;56.39011913951036
GLP;MG;ETS_normal;auto_ets();12;12;0.1260590974061223;63.63636363636363;86109.14359710569;108196.21541880282;101528.05183043491;112229.82075649094;116034.4478455691;121715.16241589894;119646.74260281259;104327.54326326787;106875.56989192285;100813.75031739302;110438.07007363047;94209.78245578446
oleocombustivel;PI;ETS_normal;auto_ets();12;12;0.9266567620229458;0.0;487.26811326297286;487.26811326297286;487.26811326297286;487.26811326297286;487.26811326297286;487.26811326297286;487.26811326297286;487.26811326297286;487.26811326297286;487.26811326297286;487.26811326297286;487.26811326297286
oleocombustivel;MA;ETS_normal;auto_ets();12;12;0.37329778440379546;72.72727272727273;13965.906804325507;25933.66636772217;15063.049763399995;19442.14036906038;22135.39811914524;27130.99225756108;25358.58644691008;23910.60953059093;29880.22928715321;30232.859032528428;28660.43430615511;28932.534886057976
oleodiesel;MS;ETS_normal;auto_ets();12;12;0.7813607180351949;72.72727272727273;91425.14535012038;110401.84963730202;75558.04633616531;76890.64714872288;87864.00178837239;119841.63530321131;123660.1398558853;110457.74685697287;114974.1856303358;86465.70200486637;61876.285611902334;59465.97572856002
oleocombustivel;AL;ETS_normal;auto_ets();12;12;0.9088506260964561;54.54545454545455;-643.4847561532613;-95.86993640109671;-317.55327170679635;-437.6997374708108;-461.90993852685216;-163.9518389077927;-196.57073070074847;-208.56631799345524;-78.96486381629762;-327.51838956530383;-404.764625060461;-440.21124348997984
gasolinadeaviacao;TO;ETS_normal;auto_ets();12;12;0.36330925607774656;72.72727272727273;129.43466625425583;117.79477327398581;82.19071581644178;90.38179609319855;122.88729380892295;132.76159745146788;133.88915616068496;131.0253638730543;104.54708805184134;114.07246529411961;156.32300353702735;144.17351269938615
GLP;SE;ETS_normal;auto_ets();12;12;0.2133409285654785;90.9090909090909;7689.602981651647;10062.801997770352;9303.158202638237;10548.264305782362;10766.28523874578;12058.687369685942;12092.340526095417;10832.129287251877;11283.950722391248;10143.092090307662;11296.621324421592;9054.624430865912
gasolinadeaviacao;PE;ETS_normal;auto_ets();12;12;0.4990466499158491;0.0;81.57351696459857;81.57351696459857;81.57351696459857;81.57351696459857;81.57351696459857;81.57351696459857;81.57351696459857;81.57351696459857;81.57351696459857;81.57351696459857;81.57351696459857;81.57351696459857
queroseneiluminante;PE;ETS_normal;auto_ets();12;12;0.8078858202487438;0.0;34.68736893879344;157.72892424665048;122.33397652190104;93.72892760908977;107.88020502900233;192.96931974658256;147.65054234124062;158.431782572607;220.65541017613668;181.51823355548254;242.09903370012086;244.9758908768806
GLP;PE;ETS_normal;auto_ets();12;12;0.16213758115780985;81.81818181818181;29896.905611651055;39809.679082241964;36252.956720936956;40335.18998824335;40781.62931028201;46082.89505201863;45896.29525905017;41506.977325540596;42461.29211694472;37650.30064369472;44637.09262183387;34000.84939037188
etanolhidratado;AC;ETS_normal;auto_ets();12;12;0.623678208638676;81.81818181818181;298.23951309583634;413.917723930635;414.005805633773;431.46424765516406;458.8953242864403;504.60236403574436;586.0634034497773;600.511837483675;621.8065868544836;507.2706077981884;603.3912842878101;421.43957371565244
oleodiesel;MT;ETS_normal;auto_ets();12;12;0.991661769071694;72.72727272727273;214926.6336618699;181367.07674144907;86047.88664537878;108338.07996238477;195148.9339168945;231569.689793586;201906.2919775184;179037.59782533522;203819.72341776994;114267.86056980892;80595.30610168501;152366.78107152044
oleodiesel;PB;ETS_normal;auto_ets();12;12;0.32202732217686375;81.81818181818181;23340.221447298645;28838.912001335786;22914.094503106502;24684.177800233057;23443.749670719455;29260.0422174413;34439.021083378124;36074.73604773577;40874.27909060448;37465.56981884036;40191.60006720675;33204.95949831032
gasolinadeaviacao;ES;ETS_normal;auto_ets();12;12;1.5614806617174932;0.0;5.623617604619909;5.623617604619909;5.623617604619909;5.623617604619909;5.623617604619909;5.623617604619909;5.623617604619909;5.623617604619909;5.623617604619909;5.623617604619909;5.623617604619909;5.623617604619909
queroseneiluminante;RO;ETS_normal;auto_ets();12;12;0.9604887665617851;0.0;33.16221891061224;0.5457304501775191;15.258077168259558;4.1641971014367165;32.528915735857325;21.18622989768744;15.760058947003156;-1.8546007758545109;20.087846553472293;0.7704927746237757;3.9872167507306493;28.825911997953106
GLP;SC;ETS_normal;auto_ets();12;12;0.15091225096015867;72.72727272727273;30818.503741507237;41649.97287061164;39420.702096079665;45431.9621785339;47459.49048003173;50339.75430223737;48712.71280121208;43165.61251278578;44987.09889306983;39404.11810734696;39213.96296485114;34055.2998154694
gasolinadeaviacao;SC;ETS_normal;auto_ets();12;12;0.7095006485740294;63.63636363636363;107.86025459164034;107.8855456197531;95.884480590644;83.60962748178399;75.96495655045635;61.95763162839196;73.96962577481987;82.08581781376786;93.90432458273143;101.20586895520339;115.91284116330807;125.46083585853364
gasolinadeaviacao;MS;ETS_normal;auto_ets();12;12;0.3352268661882483;45.45454545454545;303.18848810818287;294.20910460828435;239.4756138137916;228.79543438542063;173.7889001653727;220.76640798588755;187.30605228369723;188.91145809228482;266.8787560668635;295.1810897394315;331.33786180802485;352.6830274649059
etanolhidratado;RN;ETS_normal;auto_ets();12;12;0.2699015209482029;54.54545454545455;2515.4174252877046;3623.684705827071;2726.9053548419975;2352.161719294785;2503.0837246221986;3221.9011926480403;3648.4590595267346;3710.970549472114;4406.483446885154;3234.1065893754303;5766.0845212097975;4312.0102142966125
gasolinadeaviacao;PA;ETS_normal;auto_ets();12;12;0.38183231445737786;63.63636363636363;229.0150389660741;300.0633640825438;269.15221348498494;307.94006979986364;368.6689713192237;450.7674205273843;511.30540739748534;508.22259614215545;428.2904788530354;354.1217409996201;420.85754307116565;307.7482105635097
gasolinadeaviacao;CE;ETS_normal;auto_ets();12;12;0.37528460166473715;72.72727272727273;38.47076264282719;38.06090617442055;43.93011675023449;48.574865475626396;48.553896975894794;69.10802789966426;62.72480721337347;68.85821172595506;60.211587509724914;54.83451242087387;62.05538473804343;39.706780246965444
GLP;AL;ETS_normal;auto_ets();12;12;0.2097675708374357;72.72727272727273;10093.142097186006;12539.930292204017;11312.13064512184;12835.63039378276;12674.96486463526;14646.321320268493;14541.535641310651;13464.83531174064;14150.176525093722;12795.340597854069;14576.92391789054;12145.99564196956
etanolhidratado;SC;ETS_normal;auto_ets();12;12;0.7699283643480691;54.54545454545455;18180.92445418543;20866.463061574774;19246.196137366773;18152.472018992135;18187.822535658754;24193.755927210044;23621.672086071307;24977.209000042247;28042.87892605708;22948.02755984965;34643.2947617959;26288.92859282839
GLP;RJ;ETS_normal;auto_ets();12;12;0.03990636915947957;90.9090909090909;66884.27041442647;76401.4716464312;75017.07598325613;81981.86792403518;83832.27093838279;86666.05160547089;86909.3321494302;80922.89246678517;81812.29388860572;77211.40398299201;84334.68058694495;69352.03056039978
GLP;PR;ETS_normal;auto_ets();12;12;0.2249024919046916;63.63636363636363;53968.89196224056;68234.10504209282;65567.82010949621;75842.68967980062;79464.9484652252;82352.73875521195;79990.70760388869;71662.19154561071;72387.56937451985;65724.02154858176;66424.17177995453;56968.425646396085
gasolinadeaviacao;RJ;ETS_normal;auto_ets();12;12;0.33393031491070463;0.0;141.4218789474399;141.4218789474399;141.4218789474399;141.4218789474399;141.4218789474399;141.4218789474399;141.4218789474399;141.4218789474399;141.4218789474399;141.4218789474399;141.4218789474399;141.4218789474399
etanolhidratado;PR;ETS_normal;auto_ets();12;12;0.6462416577162163;45.45454545454545;14545.108793511565;34693.19074967113;32416.985343587497;33834.58264534096;31081.382954616573;42271.41811617711;42080.01714874359;41943.17670373726;55653.827653833876;37741.484345784724;73707.95317727955;27556.022795764475
etanolhidratado;CE;ETS_normal;auto_ets();12;12;0.5662291570577618;54.54545454545455;5051.676798376645;6934.379774580864;5816.050305186525;6359.609052541703;7008.8320856462315;8702.598448222592;8673.346935738968;8000.9120805532075;9576.56024901817;7401.438901126119;11917.955610480514;9231.622137609564
oleocombustivel;AP;ETS_normal;auto_ets();12;12;1.0302267002518892;0.0;2.1163420038400504;2.1163420038400504;2.1163420038400504;2.1163420038400504;2.1163420038400504;2.1163420038400504;2.1163420038400504;2.1163420038400504;2.1163420038400504;2.1163420038400504;2.1163420038400504;2.1163420038400504
oleocombustivel;PE;ETS_normal;auto_ets();12;12;1.1038020710294096;36.36363636363637;5966.050784427887;12123.884520240477;6681.385038190136;6273.146043742201;9711.726186721704;12336.212266658917;16618.83535003383;21879.527106907386;21237.358387078213;15004.722837966487;14537.31057327373;13009.920673227696
gasolinadeaviacao;MA;ETS_normal;auto_ets();12;12;0.43610803304334866;72.72727272727273;74.42863571391023;68.61420115125347;59.506239573674584;71.25805121980004;75.1718873921539;88.97329419365069;97.51414988571884;82.63514378789351;85.72899817815646;70.324486457651;76.54040837533483;77.00408290200448
oleocombustivel;RR;ETS_normal;auto_ets();12;12;0.651582688575575;0.0;6.492903816542135;6.492903816542135;6.492903816542135;6.492903816542135;6.492903816542135;6.492903816542135;6.492903816542135;6.492903816542135;6.492903816542135;6.492903816542135;6.492903816542135;6.492903816542135
oleodiesel;CE;ETS_normal;auto_ets();12;12;0.6383219804533282;90.9090909090909;33678.48348246416;43322.72817230776;33028.25466973287;42029.827118253;51424.045107212376;68769.51947521913;75549.99126099348;69669.63114313118;76535.72538500736;65598.65209530297;74456.8885048089;58444.40800969598
queroseneiluminante;AL;ETS_normal;auto_ets();12;12;1.0302267002518892;0.0;20.43333879093199;20.43333879093199;20.43333879093199;20.43333879093199;20.43333879093199;20.43333879093199;20.43333879093199;20.43333879093199;20.43333879093199;20.43333879093199;20.43333879093199;20.43333879093199
GLP;SP;ETS_normal;auto_ets();12;12;0.054924569994067265;90.9090909090909;219645.41648275167;264001.46600354085;252316.97994506228;276247.5224486849;288345.6060387024;300305.72851668694;300750.9296605479;273970.25937967544;279311.47728745005;259229.55304026906;265202.4497297146;228769.76187928094
oleodiesel;GO;ETS_normal;auto_ets();12;12;0.881192905537957;90.9090909090909;121646.9995552981;166654.3703628852;111793.55440685918;143157.44714386362;177856.3593661761;228149.71909508758;212678.8392391851;183073.34524332872;214952.914788804;121856.06185341152;65081.49286332514;57463.16760293915
GLP;CE;ETS_normal;auto_ets();12;12;0.29115843436930733;81.81818181818181;23048.28302334505;34423.36598644561;32768.212790821584;36289.05140097567;36598.24967015655;39212.07857345046;39093.799732206564;34539.65442730317;36153.36937436614;31034.997192757022;39801.725957673494;30574.213134093174
GLP;PB;ETS_normal;auto_ets();12;12;0.24566357550683798;72.72727272727273;12806.777334395963;17406.21478299798;15446.756576900107;17612.528664950605;18177.87484361646;20521.676928398432;19980.079302043447;18232.68883999064;18439.964342200226;16358.061687617435;19457.68780386857;15389.448590174305
oleocombustivel;RN;ETS_normal;auto_ets();12;12;1.0302267001438603;0.0;638.2642864013845;638.2642864013845;638.2642864013845;638.2642864013845;638.2642864013845;638.2642864013845;638.2642864013845;638.2642864013845;638.2642864013845;638.2642864013845;638.2642864013845;638.2642864013845
gasoline-r;RR;ETS_normal;auto_ets();12;12;0.972645672387787;63.63636363636363;5800.664035199529;10104.8597415793;8525.36511443981;7445.683126355481;7188.158924877725;7981.623335059364;10054.474468887018;11800.131993238483;11534.787525669111;9612.43844525413;13206.888249620844;6936.735496966815
oleodiesel;PE;ETS_normal;auto_ets();12;12;0.6830922259905624;90.9090909090909;50221.1423590148;69174.10848568802;46171.18934599745;52889.0700964056;48855.40114528721;56900.155628696004;70866.92081379605;83250.48315309265;107082.6774592277;97469.71908685009;103806.91421256702;82628.2099793924
oleocombustivel;AM;ETS_normal;auto_ets();12;12;0.5066158692858512;81.81818181818181;-4490.444322356019;9847.799438834754;6337.96506612307;9294.648642276356;1271.0863521450592;19383.232120688488;18227.470016518626;21629.171338277512;17486.407052309758;16326.503785319877;17163.70553433578;13426.618415713328
gasoline-r;PA;ETS_normal;auto_ets();12;12;0.9080427780795431;81.81818181818181;32547.723835479243;55878.321192242736;49843.703177917254;58442.75133815453;68148.12268019665;98971.1660184756;85655.79260380099;84209.36572013982;91232.96556045515;65148.11180872843;103523.35844738138;53486.02047898284
oleodiesel;MA;ETS_normal;auto_ets();12;12;0.931766283224717;90.9090909090909;27126.39899070064;55545.161377029974;43995.06901041629;51159.094520405866;64139.623601647465;89584.6501139;94983.21007581572;87269.26164276894;98273.65447688347;86760.73425418272;92398.17173297539;58198.64953489444
GLP;MS;ETS_normal;auto_ets();12;12;0.13262304750973958;63.63636363636363;11073.510387506312;13542.685164313776;12699.022658227615;13676.49894989831;14232.741485556799;14825.68777357531;14475.93521539791;12816.082606168191;13183.7414089976;12238.279117622198;13219.184608529966;11720.250220988055
queroseneiluminante;PA;ETS_normal;auto_ets();12;12;1.029053222055016;0.0;193.42411072416658;193.42411072416658;193.42411072416658;193.42411072416658;193.42411072416658;193.42411072416658;193.42411072416658;193.42411072416658;193.42411072416658;193.42411072416658;193.42411072416658;193.42411072416658
oleocombustivel;PB;ETS_normal;auto_ets();12;12;0.2652460030295622;0.0;2969.832550395882;2969.832550395882;2969.832550395882;2969.832550395882;2969.832550395882;2969.832550395882;2969.832550395882;2969.832550395882;2969.832550395882;2969.832550395882;2969.832550395882;2969.832550395882
etanolhidratado;PB;ETS_normal;auto_ets();12;12;1.1493600246885174;81.81818181818181;2037.3061600087303;2977.871264593765;1857.6294930738604;1956.8203449412313;3020.9758296041528;2666.1450523384347;3521.4536036716336;4063.2403773259284;4744.080426096175;3280.096246891171;7272.751666446854;5018.903345644534
gasolinadeaviacao;BA;ETS_normal;auto_ets();12;12;0.27840759519581393;54.54545454545455;183.51467127209295;164.34310309778115;118.50702196064341;111.72427469117318;103.03285664034185;132.4395414972219;134.62647985581583;142.24572913929953;124.50808459037626;133.02805512993845;185.4127072411222;242.8174873068047
gasoline-r;RN;ETS_normal;auto_ets();12;12;0.6060047538109515;90.9090909090909;26087.493967723298;35991.11397776414;30698.801116780305;32915.92142610497;31792.871175578173;39498.718988409906;43485.18096807461;39554.93111262883;47182.99826048892;36138.39460401001;60845.87606776517;46300.6577446704
gasoline-r;RS;ETS_normal;auto_ets();12;12;0.3565832748479889;72.72727272727273;194127.5519425916;262833.7219384935;242469.6899527638;236436.3559908392;219551.02606187869;242350.57699101447;261919.42902891815;239569.15265462315;287317.1192719239;248143.4115609775;365900.74060399464;266588.26923910674
gasoline-r;RO;ETS_normal;auto_ets();12;12;0.796581372298442;90.9090909090909;10328.890673381035;20370.702291736157;19215.647693416315;22472.78316965346;26424.466189251005;33139.89922867906;34178.3999906026;32058.35702546796;32052.184027534968;23166.43010870679;35046.65701071542;15292.747596801302
oleodiesel;AC;ETS_normal;auto_ets();12;12;0.1663939846567022;90.9090909090909;8888.75547808672;11381.010442930377;10871.453291417463;13325.49981281007;13774.503041506267;16863.770025066395;17573.680155958726;17307.501594259695;17567.081047239208;14119.458942542622;12209.753223828946;10200.043891770692
oleocombustivel;AC;ETS_normal;auto_ets();12;12;1.00232513890176;0.0;2.8475842452792297;2.8475842452792297;2.8475842452792297;2.8475842452792297;2.8475842452792297;2.8475842452792297;2.8475842452792297;2.8475842452792297;2.8475842452792297;2.8475842452792297;2.8475842452792297;2.8475842452792297
oleodiesel;AP;ETS_normal;auto_ets();12;12;0.5849925764550779;90.9090909090909;-8398.20402826185;-3749.126300877535;-4826.647978694458;-4033.225152713123;-1536.211871913194;710.3985562231101;6382.804906991838;3976.8509107468326;10221.001959032423;11189.676006904534;9122.894353263915;-305.8206133528729
oleocombustivel;SE;ETS_normal;auto_ets();12;12;1.1146005125037668;0.0;2092.4323141666587;2092.4323141666587;2092.4323141666587;2092.4323141666587;2092.4323141666587;2092.4323141666587;2092.4323141666587;2092.4323141666587;2092.4323141666587;2092.4323141666587;2092.4323141666587;2092.4323141666587
oleocombustivel;CE;ETS_normal;auto_ets();12;12;0.8341739069421665;54.54545454545455;1276.7015819379349;2925.5965453569042;1551.7856297157068;1952.8357405778318;2029.0929003829426;2411.7400962901156;2792.8879259015557;3413.0939033758646;5024.825065844876;4928.249531835409;3788.187266413485;2956.174995990332
gasoline-r;PB;ETS_normal;auto_ets();12;12;0.6240601626102047;72.72727272727273;25641.988674111522;41336.07820339447;38122.64951980247;38023.75137737072;44595.071453852295;46698.55817116065;47890.733734201625;47447.30552783524;53696.91178138011;40595.68371032057;67204.43256540838;49953.4070839995
GLP;RN;ETS_normal;auto_ets();12;12;0.15655613119847492;72.72727272727273;11610.727760992033;15114.786113135611;13780.064343512637;15078.136357572372;14959.594159679144;16948.371109249878;16644.76057292339;15488.829337566673;15803.71823031177;14467.516099346974;16743.14463159949;14012.575758550021
gasoline-r;TO;ETS_normal;auto_ets();12;12;0.8959275281346072;100.0;10201.49090811551;18227.728970804226;17814.395356153396;22577.296682165274;21702.274374289744;35122.31958659461;25874.13834930227;23676.253656927103;22220.53856492551;15745.848985707571;31424.210613332267;19616.262785311796
oleodiesel;RJ;ETS_normal;auto_ets();12;12;0.07605453974172427;81.81818181818181;173716.75208077708;229460.23831355173;205500.05990690005;231306.91861927148;219985.82531974494;240739.95386891457;255388.48714515468;233992.6537596613;250848.4623899236;215985.06670978456;241819.34680299397;206238.93232582466
gasoline-r;AM;ETS_normal;auto_ets();12;12;0.5584771143841173;63.63636363636363;16366.945733727222;34875.722218416;31573.46578656244;37162.3407925992;34798.58150901937;39866.7310065726;48709.04164836649;42589.245550641164;47261.91727071139;35585.298748219415;49253.84048661048;20760.0340281735
oleodiesel;TO;ETS_normal;auto_ets();12;12;1.1852350005483054;81.81818181818181;22864.481825019;58300.81285276839;35614.27471916044;44033.78597508983;51167.980915889086;67691.74820328169;67158.80366646465;53949.88087223199;68077.37618061755;49166.76904694038;31143.34792272707;11130.856514106308
etanolhidratado;AM;ETS_normal;auto_ets();12;12;2.5290177524002035;72.72727272727273;1059.3730329178766;2837.4646367826754;2282.0438306873675;2217.530514911749;2542.8186375411437;2896.5396475381326;4097.630573472438;3626.26109384306;4515.87959245282;3179.8190962490007;4371.649808629017;1010.8769724171652
gasoline-r;DF;ETS_normal;auto_ets();12;12;0.22218416655715933;100.0;53344.11702131798;92371.11597122006;81538.36939776974;89984.40033614315;81209.89488610126;73502.19074276973;89785.334146128;80491.54604165597;89266.92702492709;78807.40093378244;102049.84673988706;46184.4378767404
gasolinadeaviacao;MT;ETS_normal;auto_ets();12;12;0.4802290799675545;63.63636363636363;506.89988223890487;772.8878681272545;542.5256539232416;972.4127633198386;722.6538255815512;633.1449600341034;674.8700143349943;667.4067522741353;713.0598707414542;394.1389336227287;669.3939339435917;538.2590742057498
queroseneiluminante;RR;ETS_normal;auto_ets();12;12;1.0302267002518892;0.0;0.11052896725440807;0.11052896725440807;0.11052896725440807;0.11052896725440807;0.11052896725440807;0.11052896725440807;0.11052896725440807;0.11052896725440807;0.11052896725440807;0.11052896725440807;0.11052896725440807;0.11052896725440807
gasolinadeaviacao;AM;ETS_normal;auto_ets();12;12;0.8812412937627601;54.54545454545455;75.59274732649803;84.22867518382373;73.84802721253936;122.43891706873643;101.00679512188479;112.76830322571891;136.18680167786584;146.44128558381317;140.7515657148868;88.90074719413337;184.07217961967933;70.72590820967851
oleocombustivel;ES;ETS_normal;auto_ets();12;12;0.7208443040921387;0.0;18999.124816653362;18999.124816653362;18999.124816653362;18999.124816653362;18999.124816653362;18999.124816653362;18999.124816653362;18999.124816653362;18999.124816653362;18999.124816653362;18999.124816653362;18999.124816653362
gasoline-r;CE;ETS_normal;auto_ets();12;12;0.706033809723878;81.81818181818181;49658.14703775023;69977.53809142529;65058.853870993764;72662.74658770653;69678.79369314888;99647.02169663353;97079.5190740117;92967.85939983523;107867.63673246122;78376.19795867553;134515.6770440477;92326.95967969029
gasoline-r;BA;ETS_normal;auto_ets();12;12;0.6337378080572298;54.54545454545455;95305.12140800993;126335.63265677668;109714.40360060213;107158.73751525879;127220.8090602305;129207.79725162851;123378.12142759978;131588.745773185;144801.2337150972;109771.10130227143;212858.00661382574;174462.39457756118
gasoline-r;MG;ETS_normal;auto_ets();12;12;0.36117997390389744;100.0;234192.76040501148;309237.4567159813;302304.4193869622;313919.35316685186;298538.3123607103;365170.2709352139;345143.9747949928;328389.06916895346;359117.7461629186;283232.49505031854;457377.9079261951;303068.81554095383
oleocombustivel;RO;ETS_normal;auto_ets();12;12;1.024557420096584;0.0;1336.4824457508755;1336.4824457508755;1336.4824457508755;1336.4824457508755;1336.4824457508755;1336.4824457508755;1336.4824457508755;1336.4824457508755;1336.4824457508755;1336.4824457508755;1336.4824457508755;1336.4824457508755
gasoline-r;GO;ETS_normal;auto_ets();12;12;0.3658074891469942;72.72727272727273;83260.65108805135;113165.16106793549;111066.34012644296;110338.76794725133;100853.49536548619;122113.58103278493;112569.74205179318;113043.41875727338;121911.30930688011;99981.20758836513;156260.61057303133;104246.93639140045
gasoline-r;PR;ETS_normal;auto_ets();12;12;0.5035558330252343;63.63636363636363;155530.54401618216;210378.98500536432;201599.46503110565;198649.3287441015;178681.89241209137;206864.71955626836;214292.19847233198;199064.10994258715;223936.68498383573;192937.5375426055;304426.7440810395;186273.5724619208
gasoline-r;MS;ETS_normal;auto_ets();12;12;0.4892130839175721;90.9090909090909;36427.12560629716;52885.517647438945;50604.346779103274;47117.05787912234;41091.909512646365;54707.50702221598;56982.124927287645;56427.53354282092;61037.41637132934;45115.71616619543;76790.42468816064;45954.06404962282
gasolinadeaviacao;AC;ETS_normal;auto_ets();12;12;0.49091496420126096;54.54545454545455;39.07903522736431;52.55007242879063;48.18243536424421;54.87947992218048;53.759211439255076;57.09733673869538;77.91102085080377;77.17200535932422;71.80129374918982;47.13776109365407;56.866848343993986;60.983521503813655
GLP;BA;ETS_normal;auto_ets();12;12;0.19651825880727442;63.63636363636363;43625.095789623854;58689.660887576516;53540.211957880856;62644.189249085306;65862.69606281247;72302.54642463027;71824.86305082806;63072.58511200914;63983.030405433914;56509.90703469262;65898.30257705002;53235.788173888795
gasolinadeaviacao;SP;ETS_normal;auto_ets();12;12;0.34516069798824284;54.54545454545455;1029.3878829228029;1504.7597037942141;1141.4789107449808;1075.097681024328;898.5445473427399;864.2660234823469;1103.4192274157442;805.9652519172479;837.8986753916818;816.7069736751887;1032.2074374443914;1080.4008158912484
oleodiesel;ES;ETS_normal;auto_ets();12;12;0.6740868990631771;63.63636363636363;40586.675912710314;67583.38154712049;54314.126701058536;66722.15900030451;65406.12255315794;72983.14372967047;84544.65062793039;68931.9027494153;76042.75799574838;52426.96117257583;58783.91026848822;56899.07981979289
gasolinadeaviacao;RS;ETS_normal;auto_ets();12;12;0.6347673412977084;54.54545454545455;613.5649387592308;435.7635909862377;104.79870732358086;155.60492761574147;37.778862575147855;41.686231923023115;192.3260673677339;280.0321518046962;462.9226288090053;482.6056644972295;917.8935548867174;1061.0411344100617
gasoline-r;AC;ETS_normal;auto_ets();12;12;0.679909482581947;81.81818181818181;3919.664263412511;7624.32420231447;7385.333797210398;8345.33607656187;8957.685079401193;11584.350992334013;11697.470185830472;10939.826699260833;10812.100130064584;8593.734357442028;11668.611821818966;5960.726016547021
gasoline-r;MT;ETS_normal;auto_ets();12;12;0.5422602867306618;72.72727272727273;25327.163193397737;41401.120301427305;39866.500395657975;41813.97730735729;36651.88001334729;42624.19673352616;41584.622165810244;41415.37941143064;42271.818972576584;33872.505475705926;51491.25545145585;32861.33591932739
oleodiesel;RS;ETS_normal;auto_ets();12;12;0.37258151880232065;90.9090909090909;175791.1022122926;295567.49176567467;292925.08233675093;242829.65658472417;208473.203547242;204425.98872095635;253979.7401988034;235079.38238842352;293747.49293705315;284962.6692627176;222173.1013329879;187079.70709874964
gasoline-r;AP;ETS_normal;auto_ets();12;12;1.0751901307767877;72.72727272727273;3387.3790454427713;6926.139187234801;6641.433508667971;7742.698803290709;7990.641021837391;9494.862644772964;12319.95823590069;12094.864620668599;11566.482877796247;8714.984859964854;12581.3557799989;5119.450053748444
etanolhidratado;RR;ETS_normal;auto_ets();12;12;0.4563961386548956;72.72727272727273;102.57866578404048;175.81806744016222;150.3740451910428;186.4343230180521;202.21351424711233;148.4993694403003;140.66602308448654;195.94492714632042;208.98899705372472;201.92258606161056;274.2478176476469;153.17903945802414
etanolhidratado;SE;ETS_normal;auto_ets();12;12;0.2966178303822487;54.54545454545455;1747.1566684398426;2259.757145423807;1631.0979874264956;1689.268023698791;1837.4318955421638;1753.5609155428376;2044.862247311605;2094.3263829058014;2783.5234572021263;2442.566697000905;4006.8582507047618;3113.7038113683616
gasolinadeaviacao;DF;ETS_normal;auto_ets();12;12;0.2844509306872302;0.0;50.918651559783996;50.918651559783996;50.918651559783996;50.918651559783996;50.918651559783996;50.918651559783996;50.918651559783996;50.918651559783996;50.918651559783996;50.918651559783996;50.918651559783996;50.918651559783996
gasoline-r;MA;ETS_normal;auto_ets();12;12;0.9301996454173841;90.9090909090909;25901.568784150884;43032.75153147961;37174.519407663756;41839.50768954157;45901.54587899548;68888.64069336047;70128.47323840589;64687.45905318453;72382.05868072872;51678.58712570086;88629.80890398374;55236.9363786028
oleocombustivel;RS;ETS_normal;auto_ets();12;12;0.6799413741246317;45.45454545454545;9161.867636214934;16718.61637887694;22331.84856789811;24841.5893666789;25166.14810183618;26986.452295639843;30093.29947791385;25126.981462992186;23099.70766771093;21425.690848428134;13600.324890584287;14210.019459654166
oleodiesel;RR;ETS_normal;auto_ets();12;12;1.688488366819568;63.63636363636363;-1469.7252851340018;8229.384328616163;2059.3030451642426;-3145.6510745678916;-8779.57212439607;-8795.193502979828;-4929.878455973705;1060.4274052781384;2798.18234392022;864.3847548262092;6123.292444083759;2083.541841069491
gasoline-r;SE;ETS_normal;auto_ets();12;12;0.556100279284332;81.81818181818181;17505.01762050685;25097.494740127942;21825.586708617797;22126.837710840686;22333.823694208553;20819.206674390265;25293.23285530883;26475.10460768396;29389.79025822684;22952.970068871226;38782.818969796426;29343.741473633367
gasoline-r;SC;ETS_normal;auto_ets();12;12;0.6976241028597915;63.63636363636363;154325.54249267644;172546.04583821568;152988.5273163564;128692.94915298349;123746.6641941877;149915.37884701163;154181.94647086313;142478.6777364656;180360.73576737163;159644.38958573836;283441.5345765258;205118.08021772502
gasoline-r;PE;ETS_normal;auto_ets();12;12;0.47629603447720403;81.81818181818181;64416.55515167468;93918.01309164824;78220.43815253019;80698.46812434054;77075.58944654293;81748.81652013166;90226.08473089186;92684.49965344596;114863.81913360144;91973.93305310936;139064.30394683458;98000.35549505524
oleodiesel;PA;ETS_normal;auto_ets();12;12;1.0788185191029949;81.81818181818181;35164.914939926006;72417.8967880682;59678.64325212728;86282.77830680803;116953.08792144113;152327.06835365063;163809.75652809965;147242.1485924525;159843.30867337386;128316.80969350785;113977.77156236298;69262.0849793936
gasolinadeaviacao;RO;ETS_normal;auto_ets();12;12;0.4837225592615522;45.45454545454545;41.6986784592942;72.62230171630782;52.97998033900035;63.767320305214916;71.06661572304151;74.27035945580668;78.14975393109566;79.39938530760217;68.12863810827383;69.62162332294692;72.71141058230116;59.27562806692375
oleocombustivel;RJ;ETS_normal;auto_ets();12;12;0.3305294443787537;0.0;9817.430451073087;9817.430451073087;9817.430451073087;9817.430451073087;9817.430451073087;9817.430451073087;9817.430451073087;9817.430451073087;9817.430451073087;9817.430451073087;9817.430451073087;9817.430451073087
oleocombustivel;DF;ETS_normal;auto_ets();12;12;0.9788564651546215;0.0;2640.9732960210263;2640.9732960210263;2640.9732960210263;2640.9732960210263;2640.9732960210263;2640.9732960210263;2640.9732960210263;2640.9732960210263;2640.9732960210263;2640.9732960210263;2640.9732960210263;2640.9732960210263
oleocombustivel;BA;ETS_normal;auto_ets();12;12;1.4106268865888583;0.0;76243.75111597826;76243.75111597826;76243.75111597826;76243.75111597826;76243.75111597826;76243.75111597826;76243.75111597826;76243.75111597826;76243.75111597826;76243.75111597826;76243.75111597826;76243.75111597826
gasolinadeaviacao;AL;ETS_normal;auto_ets();12;12;0.5713495473373184;0.0;20.711440288914602;20.711440288914602;20.711440288914602;20.711440288914602;20.711440288914602;20.711440288914602;20.711440288914602;20.711440288914602;20.711440288914602;20.711440288914602;20.711440288914602;20.711440288914602
GLP;DF;ETS_normal;auto_ets();12;12;0.1279396676415475;81.81818181818181;10351.364305356572;13464.60738943273;12830.129368290169;13509.75702729256;13690.541577232174;14424.58962164049;14545.809868166343;12588.891702490058;12787.104891067791;12111.258023397526;14194.514769546515;10313.628558155244
oleocombustivel;MG;ETS_normal;auto_ets();12;12;0.6815832980721829;45.45454545454545;19715.820588035087;54195.29876221821;42929.18792330622;52704.0550975996;63523.82363067616;68734.97543541994;81035.20837586776;60245.24615212509;58126.75665968705;45053.465880402175;41868.0779925073;34868.689816104874
etanolhidratado;GO;ETS_normal;auto_ets();12;12;2.3339628963540506;81.81818181818181;-43807.884422442476;-16514.5396421337;-27412.417818396432;-14579.442752900482;-16434.215175699086;9719.118791138411;1752.1083120940748;8194.45482167862;16050.552692603742;-14453.315120637817;27352.007262036073;-19064.783570857377
queroseneiluminante;SP;ETS_normal;auto_ets();12;12;0.5530908370464982;0.0;1383.787720799;1383.787720799;1383.787720799;1383.787720799;1383.787720799;1383.787720799;1383.787720799;1383.787720799;1383.787720799;1383.787720799;1383.787720799;1383.787720799
GLP;MT;ETS_normal;auto_ets();12;12;0.2630256487150198;72.72727272727273;13377.423472016566;18627.9518621335;15767.2620796186;16381.179456806694;16363.480368646611;18179.48612565252;17157.065169514484;14670.251312378667;16189.560590156936;14843.245289025062;16401.54952392944;14667.531747003433
oleodiesel;AM;ETS_normal;auto_ets();12;12;0.48674854951287194;72.72727272727273;22535.420338443815;38713.92402799326;39764.324537657674;44856.07395768628;45687.29893235631;59129.93475940507;68108.53390935622;61774.666932524415;66377.29011994424;49262.704854361284;51571.23523787393;34492.983754173634
gasolinadeaviacao;GO;ETS_normal;auto_ets();12;12;0.2456163012785614;81.81818181818181;363.880333015496;391.4795121025812;300.5387848538911;284.9715749617988;270.41095286234327;299.95520790037756;306.1267714683362;288.52917877496753;268.6669204946466;267.6815596066615;403.0058636779429;446.45843559021444
etanolhidratado;PE;ETS_normal;auto_ets();12;12;0.47754153602482047;54.54545454545455;7497.0763008315025;11625.153427658686;10556.519073793335;11795.62742145863;10893.364992807481;10006.175110421069;11704.319191791208;10964.742492951538;12605.715591479486;9099.345795468067;17116.70505164256;11312.565191754426
gasoline-r;ES;ETS_normal;auto_ets();12;12;0.9634058501759448;72.72727272727273;30408.0423881763;35829.8279111392;30367.596763441095;29205.71098376529;25155.006595002214;35911.25012962171;33019.894118325254;31338.163829558263;44936.591176303235;27132.86061400838;73904.43746522583;57100.45634129346
queroseneiluminante;DF;ETS_normal;auto_ets();12;12;0.9013335454589863;0.0;10.342169781050103;13.576872659843184;13.815690694164589;14.245733972148681;12.90356141194862;14.60581865716747;16.025626035048035;12.489642617669745;13.25556387098254;11.629723032365881;10.633200402496843;17.47418454842237
queroseneiluminante;MA;ETS_normal;auto_ets();12;12;1.032953180227466;0.0;186.177557816716;254.4361539533;207.31516688988333;281.88130446846026;250.174138345727;288.4757310138766;189.03619648535295;200.6001148669388;336.37305298632754;235.9636968506555;226.7745404540705;338.57309721706474
etanolhidratado;MT;ETS_normal;auto_ets();12;12;1.6875687657007716;90.9090909090909;10877.010240893858;28420.935636186492;22574.595435869473;26285.505797827696;24276.664008571068;42582.16190828073;46965.34617960131;42890.27542108914;48119.28343085212;33033.76772242419;50920.40277606771;20176.436866929544
oleocombustivel;SC;ETS_normal;auto_ets();12;12;0.7861388007979107;54.54545454545455;4879.212665163621;13628.28574596088;12979.472203781668;15213.814410409313;17216.43261025705;19387.367550833074;15134.312764616858;12339.753337905715;14082.36270930913;10231.207098943341;3857.4722194167152;9093.351167550405
queroseneiluminante;TO;ETS_normal;auto_ets();12;12;1.0302267002518892;0.0;1.3734962216624687;1.3734962216624687;1.3734962216624687;1.3734962216624687;1.3734962216624687;1.3734962216624687;1.3734962216624687;1.3734962216624687;1.3734962216624687;1.3734962216624687;1.3734962216624687;1.3734962216624687
queroseneiluminante;PB;ETS_normal;auto_ets();12;12;0.9068115601975504;0.0;37.03530677203172;37.03530677203172;37.03530677203172;37.03530677203172;37.03530677203172;37.03530677203172;37.03530677203172;37.03530677203172;37.03530677203172;37.03530677203172;37.03530677203172;37.03530677203172
queroseneiluminante;RS;ETS_normal;auto_ets();12;12;0.850598364748545;54.54545454545455;247.523447622268;643.4864002807333;305.57569781946296;743.6344864772531;686.1868058572243;774.8515983928594;684.5810070647376;292.18888036945253;419.7577785495044;557.7949884939982;347.6533542595255;430.8037857405383
oleodiesel;MG;ETS_normal;auto_ets();12;12;0.513961430301384;100.0;268672.3599877539;455572.7124911508;419408.7720250122;478565.4272857838;476040.3153581814;537621.0660086881;590939.1610889721;540843.024512832;574617.7997016362;444334.1938571427;371467.1857314833;295296.16847618396
gasoline-r;SP;ETS_normal;auto_ets();12;12;0.2435698336733502;72.72727272727273;597793.5303086303;791345.3396273514;757948.0111027599;754723.0449566966;691473.9542365967;699469.2834513742;758797.2505523256;705577.1882707733;805123.3975040482;710789.1602307074;961957.7862483589;657369.8493754205
oleocombustivel;GO;ETS_normal;auto_ets();12;12;0.7650230712070022;27.272727272727273;10781.441147580963;21420.806084146934;18923.729704187906;19041.522860748282;16540.25862050359;21992.515959849254;26509.68125118658;25135.455315039922;25718.202142713497;20507.89008284855;21060.37044722682;21775.57622145058
etanolhidratado;DF;ETS_normal;auto_ets();12;12;0.5420312846542763;63.63636363636363;9473.040954435113;14494.516263377418;12994.917809062981;14532.427095657222;14137.990236632328;15301.53584798447;18266.168555247237;17754.59090870439;18860.879811985156;14825.771078119966;19139.76211896141;7422.469953393444
queroseneiluminante;SE;ETS_normal;auto_ets();12;12;1.0300661340047776;0.0;9.502707639070584;9.502707639070584;9.502707639070584;9.502707639070584;9.502707639070584;9.502707639070584;9.502707639070584;9.502707639070584;9.502707639070584;9.502707639070584;9.502707639070584;9.502707639070584
oleodiesel;SP;ETS_normal;auto_ets();12;12;0.361453315759099;81.81818181818181;551958.8591931263;812802.5207670532;776233.3884743417;875792.3348330938;904680.5410073278;978616.9029019044;1058755.682278522;955822.1708326819;1020699.682332326;855359.9722806936;701240.6823657401;564403.7075023648
etanolhidratado;AL;ETS_normal;auto_ets();12;12;0.5520419859346352;45.45454545454545;1698.5947829104966;2572.5745281634654;2127.7081831941387;2307.5054800478233;2563.1448993682766;3119.9173089200826;3428.2031022083047;3428.3045588645628;3739.868007331745;3444.577341742805;4647.853685407727;3471.186936092132
etanolhidratado;BA;ETS_normal;auto_ets();12;12;1.207700965247036;45.45454545454545;6646.801304717763;10725.84711067335;6155.963650514579;7064.058255244308;10403.714744406669;11252.719648934202;10358.416568334631;9097.567889568329;15298.17812807722;8918.563753132432;25129.229508539178;20527.501944930318
queroseneiluminante;MG;ETS_normal;auto_ets();12;12;0.28703268698604667;63.63636363636363;-92.35612908146015;490.4580793599109;157.94163701439913;460.34099403997254;-37.27696271108084;128.70740342586498;378.884669423019;119.68862932024592;258.5948224026174;281.38487375090244;-199.4978622090772;459.9064250009814
querosenedeaviacao;RJ;ETS_normal;auto_ets();12;12;0.7531070093201143;81.81818181818181;90531.13851119226;109875.13144640348;97263.58463466965;106026.85493818569;99842.99256016676;126618.56168570099;120829.68094376917;103728.29165705027;106703.24975968702;104136.95145792987;124591.90815195406;126360.28177837469
querosenedeaviacao;RN;ETS_normal;auto_ets();12;12;0.1607258343584023;81.81818181818181;3816.95108511108;4898.684082196139;3473.6795435399044;3948.2289268085083;3782.335372875038;6589.255854779407;5430.191531310049;4215.386080972737;4943.215124834016;5795.431779918679;5902.907816706133;6929.521488690431
gasoline-r;AL;ETS_normal;auto_ets();12;12;0.7017951600121594;63.63636363636363;21261.486862139234;28013.88112580961;24726.20103430384;22396.40603438551;19990.330222695906;24003.33231211818;26911.686157886965;29896.77144142655;33628.15153649043;29486.603858682567;43905.009377046095;35375.421642497444
gasoline-r;RJ;ETS_normal;auto_ets();12;12;0.09217557690675646;63.63636363636363;180024.23501411738;205866.18371051125;189999.2770995192;188728.39627455248;180446.86694257014;194320.75402273718;200454.30870214844;192109.91710358197;213459.88917465904;192720.94361210277;256317.73663566675;201649.15490983328
querosenedeaviacao;TO;ETS_normal;auto_ets();12;12;0.47275756043367184;72.72727272727273;647.3173899210731;815.1981378804392;766.6298519940325;751.6364581090254;702.1864245398245;848.3744052968719;780.3130144749653;752.3788779783765;839.8255755735574;825.5235599574688;953.3649722432651;767.9850967726386
oleodiesel;BA;ETS_normal;auto_ets();12;12;0.6443429069858951;90.9090909090909;86145.642224619;174679.6871843229;163455.51021919568;171132.631565041;156203.62739261697;192384.60661286424;206741.3485175364;193815.98740306665;211532.21706978642;173829.85843026795;171883.82733943398;127772.65597172454
GLP;PA;ETS_normal;auto_ets();12;12;0.33166199751967407;90.9090909090909;18691.129214612338;30061.629407895394;26172.580231978394;28438.999161740627;25926.332194299182;25800.358447596787;26871.390754896784;22660.720573234194;28174.527109669936;22687.309445764204;31839.37953551409;23019.12536038161
gasoline-r;PI;ETS_normal;auto_ets();12;12;0.7783787082615323;90.9090909090909;16892.765674412374;27140.452255224154;24472.70938177048;27830.32417341516;30333.95961129549;43414.50701203469;41756.952740504144;38618.4955780087;40572.92932501789;30944.06806389448;53932.012534029156;39283.874322968244
querosenedeaviacao;AC;ETS_normal;auto_ets();12;12;0.10080321315491031;81.81818181818181;719.805915296178;886.9856407574924;710.3358700894005;728.8914636859331;682.3709924148827;794.9131897716304;774.493782349655;681.6204953927399;873.2007224448976;873.5040427860893;995.4427990522876;908.6359818252884
querosenedeaviacao;DF;ETS_normal;auto_ets();12;12;0.16142195807353152;90.9090909090909;19794.223204902293;31938.997174750428;28531.983950751324;34939.98699199835;33769.93391267904;39926.529605779055;37416.936978666636;31210.398575073632;33898.621775416126;27510.094614170168;34177.50656679671;31561.343079302264
querosenedeaviacao;ES;ETS_normal;auto_ets();12;12;0.26484190358955445;54.54545454545455;2067.89332022613;3036.2427517234587;2765.8285816690077;3191.6434752640835;2932.5071065155885;3655.567381213574;3428.3486954821174;2938.58297416526;3314.2311799717063;3139.9783139045094;3703.3903753022178;3606.795671146375
queroseneiluminante;MS;ETS_normal;auto_ets();12;12;1.0302267002518883;0.0;66.64361209068007;66.64361209068007;66.64361209068007;66.64361209068007;66.64361209068007;66.64361209068007;66.64361209068007;66.64361209068007;66.64361209068007;66.64361209068007;66.64361209068007;66.64361209068007
queroseneiluminante;AC;ETS_normal;auto_ets();12;12;1.080246703512825;0.0;2.6773155495907357;1.2899753881807314;2.72316003847581;1.262009860936352;1.4341118640915143;1.0812072780468933;1.8456050667766943;1.2072002655220866;2.0224042747464637;2.376541657598541;2.1901204605993945;1.6336026372338308
oleocombustivel;MS;ETS_normal;auto_ets();12;12;0.9584835531099896;0.0;2462.5762506379046;2462.5762506379046;2462.5762506379046;2462.5762506379046;2462.5762506379046;2462.5762506379046;2462.5762506379046;2462.5762506379046;2462.5762506379046;2462.5762506379046;2462.5762506379046;2462.5762506379046
queroseneiluminante;RN;ETS_normal;auto_ets();12;12;0.8942329491831529;0.0;71.52398691285623;71.52398691285623;71.52398691285623;71.52398691285623;71.52398691285623;71.52398691285623;71.52398691285623;71.52398691285623;71.52398691285623;71.52398691285623;71.52398691285623;71.52398691285623
querosenedeaviacao;MA;ETS_normal;auto_ets();12;12;0.5110123931464801;81.81818181818181;2547.8509737393056;2996.5046318373334;2868.2546495773927;3266.1929716790887;3392.5427062423237;4830.558766927179;4033.160604382367;3521.422526608524;4171.5349044481645;4072.6974399992378;4915.503109581876;4476.212538469509
oleocombustivel;MT;ETS_normal;auto_ets();12;12;0.5919261912875698;0.0;1206.514948612279;1206.514948612279;1206.514948612279;1206.514948612279;1206.514948612279;1206.514948612279;1206.514948612279;1206.514948612279;1206.514948612279;1206.514948612279;1206.514948612279;1206.514948612279
querosenedeaviacao;PB;ETS_normal;auto_ets();12;12;0.29798035660573235;63.63636363636363;3236.979134347276;4157.48551217084;3585.9244348759757;3260.7724057453;3452.4535643020486;4315.015930822573;3874.4307227189456;3467.8690395201247;3911.2734588132043;3702.469921396033;4371.285293183237;4790.649832079623
GLP;AM;ETS_normal;auto_ets();12;12;0.3351895046195147;72.72727272727273;7834.894052615216;13671.08692031764;11059.504353707716;12905.493455771275;10262.36025348209;12253.37520249961;11903.204656743852;9700.519002146622;10996.361609460015;10761.869137849657;13705.967097753526;10037.699004365759
querosenedeaviacao;BA;ETS_normal;auto_ets();12;12;0.20777869027986148;81.81818181818181;19195.96566256638;21145.73350774538;16355.184223492848;15185.81969000717;16188.887745569144;23550.579392512205;19858.91261520379;17443.778826264508;20557.192852581415;18782.520600540163;26036.700144492574;29610.53857214727
querosenedeaviacao;RS;ETS_normal;auto_ets();12;12;0.32651974491620633;72.72727272727273;8333.724840603765;13563.92696703471;10693.774913951198;11605.821155074174;10406.174826887975;13926.980996239214;13910.242995766357;12225.776532894393;13785.28468717421;13800.785521266698;12998.489267388966;11570.928238961174
querosenedeaviacao;MS;ETS_normal;auto_ets();12;12;0.6368569542094914;81.81818181818181;2361.46171413239;3264.895659963664;3023.1253214587987;3372.83041036026;3112.4040980393934;3349.8450615745624;3636.2340658493804;3100.169008450581;3336.618394549502;3086.307376792919;3330.1351564756233;2991.4190037398175
etanolhidratado;PI;ETS_normal;auto_ets();12;12;1.459251620167822;81.81818181818181;-1076.564698801078;-229.1405472052861;-919.3593282997003;-767.4234225984187;-262.0706898710373;521.1256070839963;810.979316489404;819.290317781059;1617.2874542823768;712.0424413436067;2587.276772601058;1290.2942045381974
querosenedeaviacao;PE;ETS_normal;auto_ets();12;12;0.1498448789611987;100.0;13718.995652601288;16108.879201624639;13188.343551602255;14136.042281631175;13383.452553088697;18476.689703194806;15268.997271889233;13834.995921598886;15583.746356105436;15206.791884804263;18597.32330616621;19936.925988973628
oleodiesel;RN;ETS_normal;auto_ets();12;12;0.34973304015680556;90.9090909090909;21147.492435291533;27314.320752291253;19736.490380620256;22588.13164279019;23453.73017964137;28388.247112654633;32160.918719939662;32146.124355773496;38437.62398106891;35657.009617383024;39485.68533599941;33567.99498555673
queroseneiluminante;ES;ETS_normal;auto_ets();12;12;0.6309748677064245;0.0;57.17444258832975;57.17444258832975;57.17444258832975;57.17444258832975;57.17444258832975;57.17444258832975;57.17444258832975;57.17444258832975;57.17444258832975;57.17444258832975;57.17444258832975;57.17444258832975
oleodiesel;SE;ETS_normal;auto_ets();12;12;0.3044800670197651;72.72727272727273;20441.12215982658;27454.96969352131;23200.83543599073;24282.565216066465;20877.345184753525;21173.43274362809;25137.561663846856;26138.396475825684;29259.849642498273;27965.408665945535;30422.790977426142;26255.97867467107
querosenedeaviacao;AM;ETS_normal;auto_ets();12;12;0.171893305682385;81.81818181818181;5692.618239638997;8292.094450272214;6481.896767800156;7768.548886215627;7584.678483625266;9520.325354386923;9199.819218428487;8498.056169282001;9923.144066951494;9830.178203749392;10439.334891129172;8403.788363796331
etanolhidratado;MG;ETS_normal;auto_ets();12;12;2.0385266431257336;81.81818181818181;-53303.21830884216;-31882.74440042679;-33292.19629410328;-24550.877325010442;-18871.71298444156;9091.86144637088;4091.029983599452;2207.2959732392774;15913.03533337891;-28116.902870432285;47081.30645214044;-17699.479588408256
GLP;GO;ETS_normal;auto_ets();12;12;0.2006519739693584;81.81818181818181;34259.57760940009;43743.83527152396;39065.627145544626;41314.638794597304;40305.844987259465;43776.19374910146;43483.72339829533;36956.64143127322;39957.4996836389;38763.448114012856;44016.38212933392;39581.81404401968
querosenedeaviacao;RR;ETS_normal;auto_ets();12;12;0.11907821263845318;0.0;692.6453206455828;692.6453206455828;692.6453206455828;692.6453206455828;692.6453206455828;692.6453206455828;692.6453206455828;692.6453206455828;692.6453206455828;692.6453206455828;692.6453206455828;692.6453206455828
etanolhidratado;ES;ETS_normal;auto_ets();12;12;0.7099018895482473;63.63636363636363;519.9731560398468;1184.4378854991064;-304.9864156201047;-210.6255154857281;36.52477944847851;3332.3428786231657;2551.0655366654937;3222.3930641246807;4152.774244334134;1558.4155001216504;6115.72204607865;3796.6022660523063
querosenedeaviacao;RO;ETS_normal;auto_ets();12;12;0.48959545549128536;81.81818181818181;1753.1959214816588;2128.5936224421835;1785.04117306368;1867.6834322154248;1848.234286297524;2397.4556095722;2169.3411343109706;2090.882628654779;2270.6545479830847;2089.9205893951093;2641.0431644398486;2622.2578810265295
querosenedeaviacao;AL;ETS_normal;auto_ets();12;12;0.8518072106878609;72.72727272727273;2000.4402929375;2022.4412292071497;1234.5675728562414;1073.8103142657906;998.484331666144;2609.5708768124605;1864.9511566485426;1618.4797194394507;2125.8789120774945;1862.8768642932496;3108.795675816972;4021.9051923828406
querosenedeaviacao;PI;ETS_normal;auto_ets();12;12;0.22625209925770082;81.81818181818181;1512.5580013589745;1739.0993066004514;1494.3675093313034;1563.0750650090372;1515.1279972977911;1972.7436331476865;1774.8232265440595;1607.9072841741704;1727.526453406604;1725.1843041170796;2209.890083462445;2251.645121955487
etanolhidratado;TO;ETS_normal;auto_ets();12;12;0.48819964897546625;63.63636363636363;998.7639222563255;1326.0834181023902;1150.297674206746;1200.3272890435337;1518.043687773501;2813.565626383372;2140.9055453890232;1938.7858689605298;2169.233451374748;1614.570182035417;2843.3134538519525;1985.7516045791747
oleodiesel;AL;ETS_normal;auto_ets();12;12;0.30670852801462556;63.63636363636363;28184.377832535538;27413.14637511306;21811.824740036707;20215.388944702958;19586.910950967394;20901.977656909818;22503.880979741287;26387.65812382603;33367.38945906088;34371.233853481994;36084.09556058934;33680.28006578705
GLP;TO;ETS_normal;auto_ets();12;12;0.12982801636815594;72.72727272727273;5964.642255279256;7112.217717085077;6600.546082318378;6472.091604229629;6378.375767821229;6669.904444503966;6765.724800538844;6258.727753454722;6629.012934587822;6360.8537522727975;7078.22731623649;6540.559022578711
GLP;AP;ETS_normal;auto_ets();12;12;0.34043668464373444;63.63636363636363;1604.0560031034738;2396.5970111882853;2108.522254412987;2280.4040824966023;1958.5639719171936;2059.1148217043524;2043.630420071711;1784.4865917554125;2070.9244919456673;1714.709422778536;2592.2049137781087;1624.6042737744624
querosenedeaviacao;MT;ETS_normal;auto_ets();12;12;0.3737020465518584;63.63636363636363;4376.419495093121;6308.130251922103;5633.846111587565;5857.125975197807;5016.1227237840285;5248.459446074943;5657.916220177192;4956.315299139154;5757.044694883485;5755.305890775984;6342.997827024395;6103.002906231694
querosenedeaviacao;GO;ETS_normal;auto_ets();12;12;0.20884856518436304;81.81818181818181;2871.2275579304865;3880.7962473327734;3331.4825840734948;4565.807144294789;5021.61342040911;6071.14058138964;5636.386717269492;4541.620468815357;4344.525461253919;3479.186712650409;3742.0969323097297;3517.253375711045
querosenedeaviacao;PA;ETS_normal;auto_ets();12;12;0.11854616121560442;81.81818181818181;3252.533508391374;5530.588728693054;4101.955098245883;5344.608228715654;5347.969657768728;7000.927840261986;7020.626182004682;6063.3076732071;7455.936231224904;6266.111256033538;8188.942818121629;6338.05804423414
GLP;PI;ETS_normal;auto_ets();12;12;0.2834686186635738;63.63636363636363;8741.182792527181;13077.423778339094;12343.075515642104;12901.173743854291;12572.020397756172;13095.074432641966;13405.929005791402;11429.047488958671;12041.416232226042;10451.44491822605;13203.205006811928;11482.07585762968
queroseneiluminante;AP;ETS_normal;auto_ets();12;12;1.0302267002518892;0.0;0.3920705289672545;0.3920705289672545;0.3920705289672545;0.3920705289672545;0.3920705289672545;0.3920705289672545;0.3920705289672545;0.3920705289672545;0.3920705289672545;0.3920705289672545;0.3920705289672545;0.3920705289672545
oleodiesel;RO;ETS_normal;auto_ets();12;12;0.6436492262317453;54.54545454545455;24173.199399305755;36101.885531559834;30894.520424851144;36710.71745986699;44808.42193862311;54249.335428797276;51367.23488301518;47434.2532292877;55052.943520086665;48398.870114871315;43134.149611404326;24848.90285353772
GLP;RO;ETS_normal;auto_ets();12;12;0.26179653126826363;54.54545454545455;4936.636190828842;6989.210815745648;5848.881409877703;6413.3538994271785;5965.45969530718;6413.887557895356;6283.051460457164;5424.355545439152;5913.708544421947;5622.399591487385;7173.876519222279;4964.598898531668
oleodiesel;PR;ETS_normal;auto_ets();12;12;0.605376091814152;63.63636363636363;307562.1774120581;454907.4686262088;301907.33661189815;304724.1167823321;312973.4746105304;417748.09974856296;455250.28314439266;391891.41347154457;411886.5348596793;304439.2584149596;231141.86223234548;215792.3261355813
queroseneiluminante;SC;ETS_normal;auto_ets();12;12;0.7639622029947734;63.63636363636363;320.0781137728311;319.70420668332036;344.6673233713307;527.1234803901282;434.75537455560993;524.1547072431777;455.193697292783;338.1955669156737;345.83366236463013;322.5818650880603;173.87215095313582;312.96557860031527
queroseneiluminante;AM;ETS_normal;auto_ets();12;12;1.1025311689899635;0.0;124.64315476536254;184.34951363481917;203.05379377191207;185.92525153823686;157.12631937247835;125.79383925493636;158.328823548118;155.85952894747896;182.9844504495718;147.2899526349997;82.33413179293007;157.81568436972418
queroseneiluminante;PR;ETS_normal;auto_ets();12;12;0.5520219355098415;0.0;273.80417467633055;273.80417467633055;273.80417467633055;273.80417467633055;273.80417467633055;273.80417467633055;273.80417467633055;273.80417467633055;273.80417467633055;273.80417467633055;273.80417467633055;273.80417467633055
GLP;RR;ETS_normal;auto_ets();12;12;0.6216544366038377;81.81818181818181;1041.623960897129;1776.535168499814;1496.2643469092372;1777.063311114582;1672.670320863029;1982.7670939878221;1775.2269699210503;1433.5499358028997;1536.8594180474536;1328.1303294633944;1908.9570058008342;1156.4619081158637
querosenedeaviacao;PR;ETS_normal;auto_ets();12;12;0.1557577264446775;72.72727272727273;3035.1396907035205;8858.955454460063;5482.956018567619;6158.293759269308;4500.807684262997;8058.484632845399;8256.68872309746;6363.4191557235235;8965.784211466302;8322.221010287943;7195.0276441007645;6830.806130354345
etanolhidratado;RS;ETS_normal;auto_ets();12;12;1.5606296715408214;54.54545454545455;25541.334764650706;34920.83160636977;28556.86807500687;34417.58512887913;33725.66783827548;36963.56710631047;38053.578335699945;38269.41803236729;42728.08796914159;37168.04194358725;52879.43282834351;36928.300694309066
GLP;AC;ETS_normal;auto_ets();12;12;0.3739752851967955;81.81818181818181;1991.4785179870182;2568.2320049593236;2383.869548267736;2546.487506496506;2204.9090476452247;2456.681398078421;2346.631036555985;1993.1828463566626;2345.0829838667014;2289.8501792400607;2855.766879995786;2080.117096628955
queroseneiluminante;PI;ETS_normal;auto_ets();12;12;0.7458203133057207;0.0;102.69078411194499;102.69078411194499;102.69078411194499;102.69078411194499;102.69078411194499;102.69078411194499;102.69078411194499;102.69078411194499;102.69078411194499;102.69078411194499;102.69078411194499;102.69078411194499
querosenedeaviacao;AP;ETS_normal;auto_ets();12;12;0.3243303026498831;72.72727272727273;365.61418926430565;414.34545557150557;401.2913129517057;415.75684017479523;379.1873273471013;478.96538624369657;419.9173459786093;359.1605279173578;397.4067545393103;388.1915481261733;487.59534177762805;456.8267668364668
querosenedeaviacao;SC;ETS_normal;auto_ets();12;12;0.1402325475485645;72.72727272727273;6160.855599002161;5824.208675342827;3893.0695620000633;4035.453611805604;3731.1156968748883;4957.0175262431985;4699.152821672936;4467.143449008348;5675.1557898356305;5370.201358301769;7856.374304827332;8451.106376781263
etanolhidratado;MS;ETS_normal;auto_ets();12;12;1.3407619434254487;81.81818181818181;2884.9872750080385;5318.996518387569;4702.619686340812;4388.7261309584965;3929.5947577830702;7090.269451500008;6268.701908351732;6958.787542904996;8505.64356779491;5455.161391596374;10451.516343533754;5626.747446294841
querosenedeaviacao;MG;ETS_normal;auto_ets();12;12;0.6006373181257856;54.54545454545455;-2954.2761980435225;4802.881925940956;2183.5507427431985;5214.333153213707;5545.008683247814;11088.747100608489;8480.719991162292;6000.624930680633;5069.061124390915;1294.7232530235997;5620.486920403704;5623.941383081257
queroseneiluminante;BA;ETS_normal;auto_ets();12;12;1.4181345766733497;0.0;1036.315168312563;1036.315168312563;1036.315168312563;1036.315168312563;1036.315168312563;1036.315168312563;1036.315168312563;1036.315168312563;1036.315168312563;1036.315168312563;1036.315168312563;1036.315168312563
etanolhidratado;RO;ETS_normal;auto_ets();12;12;0.21542489626171227;81.81818181818181;784.4965639743807;1071.3511031938797;986.8423227532187;1282.6688464987628;1146.333489546097;1586.419616843118;1729.9797539133478;1692.9360605912507;1949.2318586970168;1461.6475184555266;2228.0415160731527;1179.723641053658
GLP;MA;ETS_normal;auto_ets();12;12;0.40032198075266384;63.63636363636363;13485.91465409562;23223.376877717812;20849.686902471352;22187.35445844775;19317.19434974597;22686.268323747023;22302.290476792303;18399.718634319335;20337.689381899352;17637.923479527373;23892.77792868227;18003.576642147047
oleodiesel;SC;ETS_normal;auto_ets();12;12;0.5228140474989607;54.54545454545455;121195.8120053584;216616.4544321165;181839.20115795362;179837.93983353363;158611.0801775382;179917.4450330207;207678.73275943508;178753.8652344784;197890.22861424365;172212.1430369507;138844.23501291583;125549.49195082304
querosenedeaviacao;SP;ETS_normal;auto_ets();12;12;0.13342205480957745;81.81818181818181;240936.8319821907;327182.7632754805;272757.84996014874;297191.36467335763;271496.0422506979;357208.23115060676;317554.34273692424;287272.58851689735;322735.13455163495;303485.62081139075;355315.5180166364;346979.3252109836
queroseneiluminante;GO;ETS_normal;auto_ets();12;12;1.0302266951652768;0.0;82.72769321124035;82.72769321124035;82.72769321124035;82.72769321124035;82.72769321124035;82.72769321124035;82.72769321124035;82.72769321124035;82.72769321124035;82.72769321124035;82.72769321124035;82.72769321124035
querosenedeaviacao;SE;ETS_normal;auto_ets();12;12;0.2358152807578764;81.81818181818181;1139.7877413471879;1458.0471575157405;924.4692980195545;1238.682054022181;1155.3058768241756;1734.6076293758513;1276.3262741277158;1106.6012235193962;1560.6877621053304;1590.1824910111775;1829.0725878877158;2164.865075017492
queroseneiluminante;MT;ETS_normal;auto_ets();12;12;0.9969881114413006;0.0;43.482877801460035;29.756859555623393;29.2342053901385;17.441378300827004;10.735217295340062;-5.892528167602386;2.997577740341356;-5.8924531639431805;-3.258974527350013;7.940576554754998;35.67664171071971;47.73318884220762
queroseneiluminante;CE;ETS_normal;auto_ets();12;12;1.0024964028794576;0.0;104.57198930461243;278.37130603640054;126.88301960713237;304.6466974779531;248.78267799643788;239.25283835235632;177.80003334479642;219.62910824592714;249.23823420121107;158.15428116930505;207.3961199061249;339.08620217188707
queroseneiluminante;RJ;ETS_normal;auto_ets();12;12;1.1357171618149284;0.0;753.6323325981956;753.6323325981956;753.6323325981956;753.6323325981956;753.6323325981956;753.6323325981956;753.6323325981956;753.6323325981956;753.6323325981956;753.6323325981956;753.6323325981956;753.6323325981956
querosenedeaviacao;CE;ETS_normal;auto_ets();12;12;0.3942726760502171;81.81818181818181;10070.058210793106;11698.319158103972;8514.148600942912;9148.554331223344;10420.248307124863;16819.041653907596;13273.25607150811;11558.186189497437;12971.50804871786;12512.76499518328;16456.77983398931;18073.64475130052
