comparates,orchestrator_react_v5,FFORMA,median,ADE,mean,dba
orchestrator_react_v5,"Mean-Difference
r>c / r=c / r<c
Wilcoxon p-value","-0.0003
167 / 0 / 140
0.0000 / 1.0000 / 0.0000
0.6186","-0.0008
127 / 46 / 134
0.0000 / 1.0000 / 0.0000
0.5718","-0.0030
144 / 0 / 163
0.0000 / 1.0000 / 0.0000
0.6492","-0.0762
124 / 23 / 160
0.0000 / 1.0000 / 0.0000
0.0263","-0.0800
128 / 0 / 179
0.0000 / 0.9986 / 0.0014
 $\leq$ 1e-04"
FFORMA,"0.0003
140 / 0 / 167
0.0000 / 1.0000 / 0.0000
0.6186",-,"-0.0004
134 / 0 / 173
0.0000 / 1.0000 / 0.0000
0.0219","-0.0027
138 / 0 / 169
0.0000 / 1.0000 / 0.0000
0.0779","-0.0758
94 / 0 / 213
0.0000 / 1.0000 / 0.0000
 $\leq$ 1e-04","-0.0796
99 / 0 / 208
0.0000 / 1.0000 / 0.0000
 $\leq$ 1e-04"
median,"0.0008
134 / 46 / 127
0.0000 / 1.0000 / 0.0000
0.5718","0.0004
173 / 0 / 134
0.0000 / 1.0000 / 0.0000
0.0219",-,"-0.0022
159 / 0 / 148
0.0000 / 1.0000 / 0.0000
0.2968","-0.0754
151 / 0 / 156
0.0000 / 1.0000 / 0.0000
0.3750","-0.0792
132 / 0 / 175
0.0000 / 1.0000 / 0.0000
 $\leq$ 1e-04"
ADE,"0.0030
163 / 0 / 144
0.0000 / 1.0000 / 0.0000
0.6492","0.0027
169 / 0 / 138
0.0000 / 1.0000 / 0.0000
0.0779","0.0022
148 / 0 / 159
0.0000 / 1.0000 / 0.0000
0.2968",-,"-0.0732
134 / 0 / 173
0.0000 / 1.0000 / 0.0000
0.0024","-0.0769
117 / 0 / 190
0.0000 / 1.0000 / 0.0000
 $\leq$ 1e-04"
mean,"0.0762
160 / 23 / 124
0.0000 / 1.0000 / 0.0000
0.0263","0.0758
213 / 0 / 94
0.0000 / 1.0000 / 0.0000
 $\leq$ 1e-04","0.0754
156 / 0 / 151
0.0000 / 1.0000 / 0.0000
0.3750","0.0732
173 / 0 / 134
0.0000 / 1.0000 / 0.0000
0.0024",-,"-0.0038
124 / 3 / 180
0.0000 / 1.0000 / 0.0000
 $\leq$ 1e-04"
dba,"0.0800
179 / 0 / 128
0.0015 / 0.9985 / 0.0000
 $\leq$ 1e-04","0.0796
208 / 0 / 99
0.0000 / 1.0000 / 0.0000
 $\leq$ 1e-04","0.0792
175 / 0 / 132
0.0000 / 1.0000 / 0.0000
 $\leq$ 1e-04","0.0769
190 / 0 / 117
0.0000 / 1.0000 / 0.0000
 $\leq$ 1e-04","0.0038
180 / 3 / 124
0.0000 / 1.0000 / 0.0000
 $\leq$ 1e-04","If in bold, then
p-value < 0.05"
