dataset_index;horizon;regressor;mape;pocid;smape;rmse;msmape;mae;test;predictions;start_test;final_test;description
0;12;hybrid_agent_qwen3=14b_mychen76;0.333220836117616;36.36363636363637;0.4175570431685925;2458.065912518509;0.41755289133943374;2117.8770226336114;[5142.53, 5476.0, 5628.5, 8451.5, 7282.5, 6116.53, 5401.0, 6605.03, 5789.5, 4763.5, 5809.9, 5354.2];[4195.647366973332, 3698.359050153333, 3518.7997822633333, 3347.520448353333, 3445.6354174233334, 3269.3013659499998, 4467.25228271, 4160.918004353333, 3949.9276693166667, 4219.669009980001, 4299.855461866667, 3833.279869053333];INICIO;2024-11-30;ade_point_selection
0;12;hybrid_agent_qwen3=14b_mychen76;0.333220836117616;36.36363636363637;0.4175570431685925;2458.065912518509;0.41755289133943374;2117.8770226336114;[5142.53, 5476.0, 5628.5, 8451.5, 7282.5, 6116.53, 5401.0, 6605.03, 5789.5, 4763.5, 5809.9, 5354.2];[4195.647366973332, 3698.359050153333, 3518.7997822633333, 3347.520448353333, 3445.6354174233334, 3269.3013659499998, 4467.25228271, 4160.918004353333, 3949.9276693166667, 4219.669009980001, 4299.855461866667, 3833.279869053333];INICIO;2024-11-30;ade_point_selection
1;12;hybrid_agent_qwen3=14b_mychen76;0.7704438220474111;63.63636363636363;1.2535386216563698;14003.1594686919;1.2535329715093781;13954.416916666667;[17321.534, 18859.125, 15978.749, 17282.099, 17626.749, 17679.862, 16958.552, 20797.155, 19341.835, 18305.755, 19278.976, 17704.012];[4322.12, 4144.37, 3956.14, 4152.51, 4021.87, 3984.14, 3935.8, 4194.8, 4321.46, 4224.3, 4286.05, 4137.84];INICIO;2024-11-30;mean_combination
2;12;hybrid_agent_qwen3=14b_mychen76;0.9497079328687623;81.81818181818181;1.8084786261437438;78484.97054536232;1.8084765321330856;78345.09533333332;[93130.2, 85161.9, 72440.6, 82384.8, 81450.828, 83151.625, 76231.5, 83911.1, 83812.025, 81287.9, 85070.866, 81789.2];[4322.12, 4144.37, 3956.14, 4152.51, 4021.87, 3984.14, 3935.8, 4194.8, 4321.46, 4224.3, 4286.05, 4137.84];INICIO;2024-11-30;mean_combination
3;12;hybrid_agent_qwen3=14b_mychen76;0.5449466169017293;72.72727272727273;0.7566160633117579;5400.744927529165;0.756610498786515;5203.798666666667;[7603.876, 6976.942, 6700.957, 9677.861, 8741.862, 9460.969, 10039.951, 10081.468, 10205.921, 10409.549, 11826.809, 10400.819];[4322.12, 4144.37, 3956.14, 4152.51, 4021.87, 3984.14, 3935.8, 4194.8, 4321.46, 4224.3, 4286.05, 4137.84];INICIO;2024-11-30;mean_combination
4;12;hybrid_agent_qwen3=14b_mychen76;0.924111399881919;72.72727272727273;1.7178974427894966;50683.313115003395;1.7178945128264511;50564.645833333336;[58169.7, 57787.0, 47477.7, 50767.5, 52987.0, 54400.7, 50523.9, 57335.2, 56685.0, 55975.3, 60210.8, 54137.35];[4322.12, 4144.37, 3956.14, 4152.51, 4021.87, 3984.14, 3935.8, 4194.8, 4321.46, 4224.3, 4286.05, 4137.84];INICIO;2024-11-30;mean_combination
5;12;hybrid_agent_qwen3=14b_mychen76;41.68689821111173;63.63636363636363;1.9031926932537997;4038.5761626090557;1.903147773503539;4036.8622500000006;[100.33, 79.59, 70.15, 103.42, 122.78, 61.93, 74.31, 146.05, 122.32, 122.5, 128.423, 107.25];[4322.12, 4144.37, 3956.14, 4152.51, 4021.87, 3984.14, 3935.8, 4194.8, 4321.46, 4224.3, 4286.05, 4137.84];INICIO;2024-11-30;mean_combination
6;12;hybrid_agent_qwen3=14b_mychen76;0.5558272238715484;63.63636363636363;0.791611006652702;6357.384948486485;0.7916055648944162;5885.9085000000005;[6366.518, 6620.585, 5717.92, 11246.235, 10922.87, 12106.33, 12117.655, 13377.192, 11687.995, 10140.943, 10216.482, 9791.577];[4322.12, 4144.37, 3956.14, 4152.51, 4021.87, 3984.14, 3935.8, 4194.8, 4321.46, 4224.3, 4286.05, 4137.84];INICIO;2024-11-30;mean_combination
7;12;hybrid_agent_qwen3=14b_mychen76;8.543207427122274;45.45454545454545;1.6062431305170846;3687.8932719927425;1.6062080592936876;3684.877833333334;[386.418, 364.438, 321.313, 404.599, 407.296, 410.125, 427.097, 439.507, 412.189, 514.152, 634.639, 741.093];[4322.12, 4144.37, 3956.14, 4152.51, 4021.87, 3984.14, 3935.8, 4194.8, 4321.46, 4224.3, 4286.05, 4137.84];INICIO;2024-11-30;mean_combination
8;12;hybrid_agent_qwen3=14b_mychen76;1.6940794187774273;72.72727272727273;0.8893011172316259;2546.6100817549755;0.8892853735562379;2525.0294166666667;[1167.948, 1141.0, 1155.5, 1387.44, 1392.5, 1585.0, 1500.474, 1933.403, 2023.0, 1862.222, 2144.0, 2088.56];[4322.12, 4144.37, 3956.14, 4152.51, 4021.87, 3984.14, 3935.8, 4194.8, 4321.46, 4224.3, 4286.05, 4137.84];INICIO;2024-11-30;mean_combination
9;12;hybrid_agent_qwen3=14b_mychen76;0.979130346881581;81.81818181818181;1.9182307578934668;195010.23676500405;1.9182298095366634;194656.686;[228339.225, 199492.058, 175701.533, 194692.41, 196841.09, 200933.679, 185958.712, 196822.054, 201842.237, 197060.802, 206613.169, 201264.663];[4322.12, 4144.37, 3956.14, 4152.51, 4021.87, 3984.14, 3935.8, 4194.8, 4321.46, 4224.3, 4286.05, 4137.84];INICIO;2024-11-30;mean_combination
10;12;hybrid_agent_qwen3=14b_mychen76;0.28102129742001286;63.63636363636363;0.3331324669127611;1887.6292035532738;0.33312921356642977;1719.504666666667;[5625.567, 6783.716, 5008.254, 5615.356, 4909.244, 4752.982, 5097.467, 7213.568, 6165.6, 5506.892, 6461.464, 7175.346];[4322.12, 4144.37, 3956.14, 4152.51, 4021.87, 3984.14, 3935.8, 4194.8, 4321.46, 4224.3, 4286.05, 4137.84];INICIO;2024-11-30;mean_combination
11;12;hybrid_agent_qwen3=14b_mychen76;0.8118737948016949;54.54545454545455;1.3680472137365989;18402.83241447194;1.368042017845104;18198.192333333336;[17258.9, 20099.11, 20111.65, 22643.799, 22991.73, 22624.25, 21174.728, 22718.51, 21840.93, 21786.804, 27069.8, 27739.497];[4322.12, 4144.37, 3956.14, 4152.51, 4021.87, 3984.14, 3935.8, 4194.8, 4321.46, 4224.3, 4286.05, 4137.84];INICIO;2024-11-30;mean_combination
12;12;hybrid_agent_qwen3=14b_mychen76;109.07899314980347;63.63636363636363;0.6418960496218927;2123.9047096376717;0.6418835641716494;1731.8455833333335;[2101.917, 4194.392, 4443.881, 3153.49, 1398.42, 680.292, -3.036, 2000.117, 2160.356, 1995.957, 4128.637, 4555.324];[4322.12, 4144.37, 3956.14, 4152.51, 4021.87, 3984.14, 3935.8, 4194.8, 4321.46, 4224.3, 4286.05, 4137.84];INICIO;2024-11-30;mean_combination
13;12;hybrid_agent_qwen3=14b_mychen76;2.3435514022193042;45.45454545454545;1.0540731686743239;2851.8775852904782;1.054053510185516;2839.744583333333;[1538.816, 1571.309, 995.827, 1023.26, 915.526, 991.48, 1137.634, 1536.644, 1064.786, 1404.579, 1540.144, 1884.46];[4322.12, 4144.37, 3956.14, 4152.51, 4021.87, 3984.14, 3935.8, 4194.8, 4321.46, 4224.3, 4286.05, 4137.84];INICIO;2024-11-30;mean_combination
14;12;hybrid_agent_qwen3=14b_mychen76;0.8857463442404271;90.9090909090909;1.5898910132111606;32209.200061289434;1.5898870717603677;32153.596166666666;[39591.8, 36888.912, 32664.5, 35135.5, 36271.5, 35768.852, 33415.501, 36281.4, 36915.5, 36540.0, 39918.4, 36132.689];[4322.12, 4144.37, 3956.14, 4152.51, 4021.87, 3984.14, 3935.8, 4194.8, 4321.46, 4224.3, 4286.05, 4137.84];INICIO;2024-11-30;mean_combination
15;12;hybrid_agent_qwen3=14b_mychen76;0.9045767944775994;90.9090909090909;1.6515977896660952;39416.16234946015;1.6515943107637854;39336.383499999996;[45987.0, 45178.0, 38166.5, 42286.0, 42651.5, 42108.0, 39827.502, 43207.0, 45114.5, 43982.0, 48169.3, 45040.7];[4322.12, 4144.37, 3956.14, 4152.51, 4021.87, 3984.14, 3935.8, 4194.8, 4321.46, 4224.3, 4286.05, 4137.84];INICIO;2024-11-30;mean_combination
16;12;hybrid_agent_qwen3=14b_mychen76;0.9634300923786503;90.9090909090909;1.85889848454541;109577.29289481766;1.8588969005155758;109394.23308333334;[120572.463, 114300.957, 108673.707, 124166.409, 120081.922, 116133.254, 103861.919, 107601.287, 106660.659, 106643.284, 117849.72, 115866.616];[4322.12, 4144.37, 3956.14, 4152.51, 4021.87, 3984.14, 3935.8, 4194.8, 4321.46, 4224.3, 4286.05, 4137.84];INICIO;2024-11-30;mean_combination
17;12;hybrid_agent_qwen3=14b_mychen76;0.9946026123545298;90.9090909090909;1.9785266681761724;766373.9882018291;1.9785264113866334;764973.2200833334;[868003.888, 760665.314, 683361.59, 776129.554, 774072.69, 786170.773, 765536.187, 791770.669, 819095.114, 750294.343, 753049.757, 701210.162];[4322.12, 4144.37, 3956.14, 4152.51, 4021.87, 3984.14, 3935.8, 4194.8, 4321.46, 4224.3, 4286.05, 4137.84];INICIO;2024-11-30;mean_combination
18;12;hybrid_agent_qwen3=14b_mychen76;1.6220915017875474e+18;54.54545454545455;1.0165187234987771;3490.1589927178225;1.0164998781216479;3274.81025;[0.0, 616.76, 636.75, 1381.48, 2077.19, 44.46, 1372.93, 9928.933, 7029.98, 5002.95, 8352.29, 7760.64];[4322.12, 4144.37, 3956.14, 4152.51, 4021.87, 3984.14, 3935.8, 4194.8, 4321.46, 4224.3, 4286.05, 4137.84];INICIO;2024-11-30;mean_combination
19;12;hybrid_agent_qwen3=14b_mychen76;0.8623724900240962;45.45454545454545;0.5802504574249214;1889.3680617845923;0.5802412425253617;1836.5358333333334;[2163.45, 2173.7, 3126.46, 1914.25, 2419.39, 1412.38, 2655.25, 2235.73, 2730.61, 2109.89, 2365.77, 2336.09];[4322.12, 4144.37, 3956.14, 4152.51, 4021.87, 3984.14, 3935.8, 4194.8, 4321.46, 4224.3, 4286.05, 4137.84];INICIO;2024-11-30;mean_combination
20;12;hybrid_agent_qwen3=14b_mychen76;0.9951688079983932;90.9090909090909;1.980768274751207;854358.8108985837;1.9807680445844753;853675.3312499999;[902707.043, 833596.031, 821232.526, 894427.795, 862594.276, 899209.875, 797496.864, 810041.219, 873363.838, 868765.928, 883228.442, 847121.538];[4322.12, 4144.37, 3956.14, 4152.51, 4021.87, 3984.14, 3935.8, 4194.8, 4321.46, 4224.3, 4286.05, 4137.84];INICIO;2024-11-30;mean_combination
21;12;hybrid_agent_qwen3=14b_mychen76;0.9351802552649014;81.81818181818181;1.7565240567810552;59901.97305072777;1.7565214718895286;59823.43466666667;[66438.25, 64691.38, 55857.819, 62027.08, 62540.48, 65534.578, 62149.2, 65551.58, 65961.83, 64065.649, 69331.88, 63412.89];[4322.12, 4144.37, 3956.14, 4152.51, 4021.87, 3984.14, 3935.8, 4194.8, 4321.46, 4224.3, 4286.05, 4137.84];INICIO;2024-11-30;mean_combination
22;12;hybrid_agent_qwen3=14b_mychen76;0.3004859132578989;45.45454545454545;0.3529248052823815;2159.1247972886295;0.35292133888323884;1829.858333333333;[6104.9, 6622.3, 6545.5, 7064.9, 7371.5, 7456.5, 6402.5, 3720.5, 3360.8, 3376.8, 4055.8, 3743.4];[4322.12, 4144.37, 3956.14, 4152.51, 4021.87, 3984.14, 3935.8, 4194.8, 4321.46, 4224.3, 4286.05, 4137.84];INICIO;2024-11-30;mean_combination
23;12;hybrid_agent_qwen3=14b_mychen76;0.832333609736193;63.63636363636363;1.427131751654193;21265.11009753528;1.427126838969464;21018.370750000006;[20119.877, 22131.712, 17783.232, 26770.561, 25219.023, 25380.999, 25745.164, 28370.032, 28193.649, 27062.239, 28467.133, 26658.228];[4322.12, 4144.37, 3956.14, 4152.51, 4021.87, 3984.14, 3935.8, 4194.8, 4321.46, 4224.3, 4286.05, 4137.84];INICIO;2024-11-30;mean_combination
24;12;hybrid_agent_qwen3=14b_mychen76;0.9685555224325585;90.9090909090909;1.8780633618741076;128181.059582323;1.878061976715845;127881.37366666668;[136535.604, 130203.352, 119883.392, 124277.7, 128084.084, 126681.92, 116577.927, 136392.083, 141165.591, 137401.268, 147696.713, 139358.25];[4322.12, 4144.37, 3956.14, 4152.51, 4021.87, 3984.14, 3935.8, 4194.8, 4321.46, 4224.3, 4286.05, 4137.84];INICIO;2024-11-30;mean_combination
25;12;hybrid_agent_qwen3=14b_mychen76;16.27633989127136;45.45454545454545;1.771591480876957;3892.358326105128;1.771551099082061;3889.417916666667;[276.69, 298.452, 222.876, 210.569, 272.241, 263.033, 304.557, 321.341, 158.982, 222.557, 274.528, 182.559];[4322.12, 4144.37, 3956.14, 4152.51, 4021.87, 3984.14, 3935.8, 4194.8, 4321.46, 4224.3, 4286.05, 4137.84];INICIO;2024-11-30;mean_combination
26;12;hybrid_agent_qwen3=14b_mychen76;0.17336248259674747;63.63636363636363;0.19382589971303488;1062.4533997694518;0.19382383810069925;916.6008333333333;[4186.236, 4512.728, 4839.92, 4891.95, 5060.2, 4736.2, 4535.3, 6615.44, 5292.582, 5030.61, 5424.676, 5283.0];[4322.12, 4144.37, 3956.14, 4152.51, 4021.87, 3984.14, 3935.8, 4194.8, 4321.46, 4224.3, 4286.05, 4137.84];INICIO;2024-11-30;mean_combination
27;12;hybrid_agent_qwen3=14b_mychen76;0.6463941448287643;72.72727272727273;0.9618133094230745;8151.085087475047;0.9618073881853125;7923.167583333333;[9061.167, 9325.62, 8293.7, 13492.45, 12816.885, 11618.311, 12587.974, 13162.713, 13713.076, 12910.696, 13751.396, 14025.423];[4322.12, 4144.37, 3956.14, 4152.51, 4021.87, 3984.14, 3935.8, 4194.8, 4321.46, 4224.3, 4286.05, 4137.84];INICIO;2024-11-30;mean_combination
28;12;hybrid_agent_qwen3=14b_mychen76;0.970925335772768;81.81818181818181;1.8870164339557693;140613.19499173612;1.8870151444141463;139730.57516666668;[145267.131, 125920.523, 115498.921, 130017.504, 126173.604, 142722.46, 144370.94, 162730.886, 167195.57, 156209.303, 160560.752, 149780.708];[4322.12, 4144.37, 3956.14, 4152.51, 4021.87, 3984.14, 3935.8, 4194.8, 4321.46, 4224.3, 4286.05, 4137.84];INICIO;2024-11-30;mean_combination
29;12;hybrid_agent_qwen3=14b_mychen76;0.47127310508547415;54.54545454545455;0.6227855370437767;4037.6772958104266;0.6227804554552605;3860.487833333333;[6491.43, 8362.277, 7094.168, 7966.004, 6306.932, 6667.493, 7079.256, 8682.55, 8211.473, 9548.152, 10322.171, 9275.348];[4322.12, 4144.37, 3956.14, 4152.51, 4021.87, 3984.14, 3935.8, 4194.8, 4321.46, 4224.3, 4286.05, 4137.84];INICIO;2024-11-30;mean_combination
30;12;hybrid_agent_qwen3=14b_mychen76;2.5133906342373837;54.54545454545455;1.0950925688452158;2931.812044428013;1.095071986210917;2920.231166666667;[1087.288, 1259.96, 1169.379, 1184.757, 1211.755, 1044.513, 1103.312, 1327.908, 1046.878, 846.224, 1618.711, 1737.941];[4322.12, 4144.37, 3956.14, 4152.51, 4021.87, 3984.14, 3935.8, 4194.8, 4321.46, 4224.3, 4286.05, 4137.84];INICIO;2024-11-30;mean_combination
31;12;hybrid_agent_qwen3=14b_mychen76;153.8016050812358;81.81818181818181;1.9651448561061475;4105.38573925764;1.9650977476463283;4103.450000000001;[60.0, 20.0, 18.0, 50.0, 39.0, 54.0, 15.0, 58.0, 43.0, 27.0, 46.0, 10.0];[4322.12, 4144.37, 3956.14, 4152.51, 4021.87, 3984.14, 3935.8, 4194.8, 4321.46, 4224.3, 4286.05, 4137.84];INICIO;2024-11-30;mean_combination
32;12;hybrid_agent_qwen3=14b_mychen76;28.576123504823837;72.72727272727273;1.7566084017908024;3868.927698245213;1.756568304737116;3860.5715000000005;[70.0, 85.0, 50.0, 115.724, 90.0, 454.146, 430.484, 846.662, 486.026, 212.0, 283.5, 231.0];[4322.12, 4144.37, 3956.14, 4152.51, 4021.87, 3984.14, 3935.8, 4194.8, 4321.46, 4224.3, 4286.05, 4137.84];INICIO;2024-11-30;mean_combination
33;12;hybrid_agent_qwen3=14b_mychen76;4.446690442788095;81.81818181818181;1.3770963970768133;3378.509219931021;1.3770682817773698;3376.062416666666;[863.968, 806.947, 738.002, 803.862, 760.335, 711.962, 714.685, 734.374, 734.931, 664.295, 768.115, 867.175];[4322.12, 4144.37, 3956.14, 4152.51, 4021.87, 3984.14, 3935.8, 4194.8, 4321.46, 4224.3, 4286.05, 4137.84];INICIO;2024-11-30;mean_combination
34;12;hybrid_agent_qwen3=14b_mychen76;0.5098296840157542;72.72727272727273;0.6860269806023008;4423.1997995653555;0.6860215627923917;4364.563166666666;[8408.84, 7804.226, 7525.529, 7259.227, 8189.988, 8270.913, 7851.882, 9242.031, 9893.182, 9020.286, 9430.044, 9160.01];[4322.12, 4144.37, 3956.14, 4152.51, 4021.87, 3984.14, 3935.8, 4194.8, 4321.46, 4224.3, 4286.05, 4137.84];INICIO;2024-11-30;mean_combination
35;12;hybrid_agent_qwen3=14b_mychen76;10.242881966215558;54.54545454545455;1.65599776498852;3753.5772636771;1.6559611557049998;3749.396;[399.513, 348.61, 349.826, 435.708, 316.27, 312.608, 600.669, 429.357, 309.077, 236.84, 457.616, 492.554];[4322.12, 4144.37, 3956.14, 4152.51, 4021.87, 3984.14, 3935.8, 4194.8, 4321.46, 4224.3, 4286.05, 4137.84];INICIO;2024-11-30;mean_combination
36;12;hybrid_agent_qwen3=14b_mychen76;0.9860096728692147;63.63636363636363;1.9448134538989683;293454.04234640003;1.9448128053893219;292798.55408333335;[330842.064, 340269.29, 304661.387, 274675.815, 272891.511, 286430.812, 282565.838, 299661.694, 297024.037, 285282.033, 294760.479, 294199.089];[4322.12, 4144.37, 3956.14, 4152.51, 4021.87, 3984.14, 3935.8, 4194.8, 4321.46, 4224.3, 4286.05, 4137.84];INICIO;2024-11-30;mean_combination
37;12;hybrid_agent_qwen3=14b_mychen76;19.79532893160037;72.72727272727273;1.7884728417739713;3909.3986463601836;1.7884318349550892;3906.473833333333;[357.069, 457.392, 297.659, 222.518, 191.916, 156.305, 146.1, 154.092, 142.71, 121.405, 315.183, 241.365];[4322.12, 4144.37, 3956.14, 4152.51, 4021.87, 3984.14, 3935.8, 4194.8, 4321.46, 4224.3, 4286.05, 4137.84];INICIO;2024-11-30;mean_combination
38;12;hybrid_agent_qwen3=14b_mychen76;0.5511455521750491;45.45454545454545;0.7637089793110453;5240.1932589724765;0.7637033150209492;5168.507416666666;[7616.938, 7938.137, 8618.96, 9255.602, 9433.928, 9697.82, 9208.834, 10031.216, 9320.077, 9633.534, 10537.74, 10410.703];[4322.12, 4144.37, 3956.14, 4152.51, 4021.87, 3984.14, 3935.8, 4194.8, 4321.46, 4224.3, 4286.05, 4137.84];INICIO;2024-11-30;mean_combination
39;12;hybrid_agent_qwen3=14b_mychen76;0.9605327642054934;72.72727272727273;1.8481544213873093;101548.28897705785;1.8481527260577078;101258.5625833333;[95868.1, 91584.7, 94279.118, 107549.707, 105345.1, 105636.9, 103798.2, 114759.0, 113031.9, 107992.5, 117399.5, 107539.426];[4322.12, 4144.37, 3956.14, 4152.51, 4021.87, 3984.14, 3935.8, 4194.8, 4321.46, 4224.3, 4286.05, 4137.84];INICIO;2024-11-30;mean_combination
40;12;hybrid_agent_qwen3=14b_mychen76;0.9663408109332954;81.81818181818181;1.8697524898023679;119261.18577543672;1.8697510171964409;119067.79658333333;[134999.651, 125083.95, 108306.35, 119140.25, 119552.9, 122761.065, 116167.9, 123225.85, 128004.229, 124229.814, 133344.7, 123678.3];[4322.12, 4144.37, 3956.14, 4152.51, 4021.87, 3984.14, 3935.8, 4194.8, 4321.46, 4224.3, 4286.05, 4137.84];INICIO;2024-11-30;mean_combination
41;12;hybrid_agent_qwen3=14b_mychen76;0.9404619002534749;45.45454545454545;1.7752701097564492;65780.6688336342;1.775267699458693;65625.93508333333;[65449.434, 75298.064, 66040.259, 66128.672, 66337.408, 64473.094, 65919.689, 73265.099, 70575.006, 70957.086, 73466.007, 79282.803];[4322.12, 4144.37, 3956.14, 4152.51, 4021.87, 3984.14, 3935.8, 4194.8, 4321.46, 4224.3, 4286.05, 4137.84];INICIO;2024-11-30;mean_combination
42;12;hybrid_agent_qwen3=14b_mychen76;266.21486282872456;63.63636363636363;1.983033274735709;4124.4675389492495;1.9829855293132763;4122.40925;[28.0, 22.0, 15.0, 18.27, 17.597, 10.921, 16.684, 16.068, 11.66, 24.117, 24.837, 7.335];[4322.12, 4144.37, 3956.14, 4152.51, 4021.87, 3984.14, 3935.8, 4194.8, 4321.46, 4224.3, 4286.05, 4137.84];INICIO;2024-11-30;mean_combination
43;12;hybrid_agent_qwen3=14b_mychen76;0.7011516878740304;90.9090909090909;1.0818874637596032;10035.30160174319;1.0818815010805067;9902.69175;[12823.1, 12273.4, 10778.0, 12504.0, 16355.538, 14662.6, 13540.0, 15359.6, 15841.1, 14961.5, 15902.263, 13512.6];[4322.12, 4144.37, 3956.14, 4152.51, 4021.87, 3984.14, 3935.8, 4194.8, 4321.46, 4224.3, 4286.05, 4137.84];INICIO;2024-11-30;mean_combination
44;12;hybrid_agent_qwen3=14b_mychen76;0.5921839891689842;72.72727272727273;0.6590716712758853;5498.160988420037;0.659065610445087;4280.563666666667;[9881.837, 10379.44, 8800.264, 15793.388, 14034.501, 4227.239, 1989.412, 2058.89, 2685.506, 2802.097, 5641.278, 8473.402];[4322.12, 4144.37, 3956.14, 4152.51, 4021.87, 3984.14, 3935.8, 4194.8, 4321.46, 4224.3, 4286.05, 4137.84];INICIO;2024-11-30;mean_combination
45;12;hybrid_agent_qwen3=14b_mychen76;0.7401912498879909;54.54545454545455;1.1797804871043658;12615.754839500267;1.1797747291380913;12298.694083333336;[17990.301, 21859.611, 18973.953, 18643.503, 16174.485, 17550.798, 15176.792, 17784.735, 14811.392, 11796.987, 13087.211, 13415.961];[4322.12, 4144.37, 3956.14, 4152.51, 4021.87, 3984.14, 3935.8, 4194.8, 4321.46, 4224.3, 4286.05, 4137.84];INICIO;2024-11-30;mean_combination
46;12;hybrid_agent_qwen3=14b_mychen76;0.9486173485321653;63.63636363636363;1.8049759246547028;80811.29811154354;1.8049738100714876;79551.56066666667;[58092.217, 52348.895, 79046.898, 80050.01, 84714.847, 88829.722, 90299.168, 91205.356, 102463.176, 90029.361, 97784.738, 89435.74];[4322.12, 4144.37, 3956.14, 4152.51, 4021.87, 3984.14, 3935.8, 4194.8, 4321.46, 4224.3, 4286.05, 4137.84];INICIO;2024-11-30;mean_combination
47;12;hybrid_agent_qwen3=14b_mychen76;0.7314581227764586;72.72727272727273;0.5286248876836039;1742.4371186013427;0.5286167551772609;1721.9587499999998;[2682.474, 2842.284, 2445.078, 2680.838, 2481.338, 2167.638, 2064.233, 2192.445, 1979.139, 2359.672, 2597.427, 2525.329];[4322.12, 4144.37, 3956.14, 4152.51, 4021.87, 3984.14, 3935.8, 4194.8, 4321.46, 4224.3, 4286.05, 4137.84];INICIO;2024-11-30;mean_combination
48;12;hybrid_agent_qwen3=14b_mychen76;3.255853650900732;45.45454545454545;1.2160961258816985;3126.702693584489;1.2160723414679968;3119.7261666666673;[701.811, 782.71, 835.651, 984.415, 810.853, 903.126, 859.974, 1246.278, 1157.116, 1433.667, 1319.535, 1209.55];[4322.12, 4144.37, 3956.14, 4152.51, 4021.87, 3984.14, 3935.8, 4194.8, 4321.46, 4224.3, 4286.05, 4137.84];INICIO;2024-11-30;mean_combination
49;12;hybrid_agent_qwen3=14b_mychen76;0.38337711798720814;45.45454545454545;0.48498049131365245;3190.9924500049615;0.4849762278316015;2821.4678333333336;[5685.033, 6913.203, 5421.821, 6200.403, 6259.787, 6049.272, 6058.612, 7300.246, 6607.038, 6692.559, 9772.473, 10578.567];[4322.12, 4144.37, 3956.14, 4152.51, 4021.87, 3984.14, 3935.8, 4194.8, 4321.46, 4224.3, 4286.05, 4137.84];INICIO;2024-11-30;mean_combination
50;12;hybrid_agent_qwen3=14b_mychen76;5.616064191853616;63.63636363636363;1.4666659609120607;3506.2762999278757;1.4666352215460605;3502.38125;[620.162, 576.461, 550.319, 625.159, 673.028, 719.72, 704.046, 817.093, 568.598, 623.261, 695.177, 479.801];[4322.12, 4144.37, 3956.14, 4152.51, 4021.87, 3984.14, 3935.8, 4194.8, 4321.46, 4224.3, 4286.05, 4137.84];INICIO;2024-11-30;mean_combination
51;12;hybrid_agent_qwen3=14b_mychen76;121.94962107239125;54.54545454545455;1.9660808492482715;4106.748262319401;1.9660337145785143;4104.664750000001;[53.666, 25.412, 34.598, 31.668, 23.276, 38.095, 39.941, 41.509, 35.635, 25.205, 38.752, 37.666];[4322.12, 4144.37, 3956.14, 4152.51, 4021.87, 3984.14, 3935.8, 4194.8, 4321.46, 4224.3, 4286.05, 4137.84];INICIO;2024-11-30;mean_combination
52;12;hybrid_agent_qwen3=14b_mychen76;0.7925162476423157;54.54545454545455;1.315670906081586;16815.20256132586;1.3156655231808074;16432.465583333335;[17280.702, 19355.995, 20471.7, 22434.4, 26055.81, 17217.208, 14648.4, 16253.692, 20040.1, 24206.3, 24269.13, 24637.55];[4322.12, 4144.37, 3956.14, 4152.51, 4021.87, 3984.14, 3935.8, 4194.8, 4321.46, 4224.3, 4286.05, 4137.84];INICIO;2024-11-30;mean_combination
53;12;hybrid_agent_qwen3=14b_mychen76;0.7776142855556424;72.72727272727273;1.2738394633258938;14932.634900537576;1.2738339037679791;14744.638416666667;[21508.623, 24142.437, 19778.453, 19114.96, 18229.65, 17597.856, 16924.601, 21786.279, 17007.582, 15778.259, 17453.067, 17295.294];[4322.12, 4144.37, 3956.14, 4152.51, 4021.87, 3984.14, 3935.8, 4194.8, 4321.46, 4224.3, 4286.05, 4137.84];INICIO;2024-11-30;mean_combination
54;12;hybrid_agent_qwen3=14b_mychen76;0.23553439862883754;54.54545454545455;0.27954399030966914;1709.8592909262056;0.2795412327717901;1425.2416666666666;[5774.5, 6791.0, 6019.0, 6008.5, 5184.0, 5166.0, 6521.4, 7060.7, 5030.5, 4051.5, 4143.5, 4403.0];[4322.12, 4144.37, 3956.14, 4152.51, 4021.87, 3984.14, 3935.8, 4194.8, 4321.46, 4224.3, 4286.05, 4137.84];INICIO;2024-11-30;mean_combination
55;12;hybrid_agent_qwen3=14b_mychen76;0.08580120811159753;63.63636363636363;0.09278444813495544;628.3834625842196;0.09278342741304337;424.57;[4699.2, 5814.501, 4344.961, 4102.461, 3785.645, 3752.812, 3930.257, 5325.482, 4576.359, 4546.482, 4550.321, 4301.469];[4322.12, 4144.37, 3956.14, 4152.51, 4021.87, 3984.14, 3935.8, 4194.8, 4321.46, 4224.3, 4286.05, 4137.84];INICIO;2024-11-30;mean_combination
56;12;hybrid_agent_qwen3=14b_mychen76;1.3977947981200831;45.45454545454545;0.7945667156767819;2366.1242696300314;0.7945531104837934;2330.974583333333;[2322.7, 2180.776, 2368.424, 2130.305, 2007.879, 1225.232, 1453.154, 1847.526, 1366.362, 1411.05, 1556.955, 1839.342];[4322.12, 4144.37, 3956.14, 4152.51, 4021.87, 3984.14, 3935.8, 4194.8, 4321.46, 4224.3, 4286.05, 4137.84];INICIO;2024-11-30;mean_combination
57;12;hybrid_agent_qwen3=14b_mychen76;0.7197498770402276;81.81818181818181;1.140206985875392;13235.205564476817;1.14020135023022;12253.173416666667;[19774.506, 15848.743, 11285.988, 24507.974, 19877.684, 20814.274, 9411.039, 9543.579, 14586.223, 18449.261, 22063.738, 10556.472];[4322.12, 4144.37, 3956.14, 4152.51, 4021.87, 3984.14, 3935.8, 4194.8, 4321.46, 4224.3, 4286.05, 4137.84];INICIO;2024-11-30;mean_combination
58;12;hybrid_agent_qwen3=14b_mychen76;8.448992034888287;81.81818181818181;1.6109234947389544;3693.4523819998003;1.610888293574244;3692.2000000000007;[505.0, 340.0, 431.0, 454.0, 441.0, 406.0, 309.0, 492.0, 546.0, 454.0, 498.0, 499.0];[4322.12, 4144.37, 3956.14, 4152.51, 4021.87, 3984.14, 3935.8, 4194.8, 4321.46, 4224.3, 4286.05, 4137.84];INICIO;2024-11-30;mean_combination
59;12;hybrid_agent_qwen3=14b_mychen76;0.3941742052146889;36.36363636363637;0.5059546095664414;3284.0387791094977;0.5059502473251021;2971.7230000000004;[7128.972, 7209.987, 7267.756, 6854.948, 6637.673, 6908.302, 8175.703, 9596.904, 9460.106, 6166.433, 5050.292, 4885.0];[4322.12, 4144.37, 3956.14, 4152.51, 4021.87, 3984.14, 3935.8, 4194.8, 4321.46, 4224.3, 4286.05, 4137.84];INICIO;2024-11-30;mean_combination
60;12;hybrid_agent_qwen3=14b_mychen76;0.9652324052998641;72.72727272727273;1.865611467922091;115462.52436223614;1.8656099519870502;115233.32041666667;[126790.306, 117527.756, 103174.218, 110810.451, 116365.194, 119581.319, 114626.846, 126757.035, 123828.93, 122924.907, 131156.308, 118937.975];[4322.12, 4144.37, 3956.14, 4152.51, 4021.87, 3984.14, 3935.8, 4194.8, 4321.46, 4224.3, 4286.05, 4137.84];INICIO;2024-11-30;mean_combination
61;12;hybrid_agent_qwen3=14b_mychen76;0.8376840672216289;72.72727272727273;1.4419349325079545;21609.41330197753;1.441930082120451;21524.275000000005;[26039.1, 27854.15, 26706.5, 27742.05, 27433.5, 25061.55, 23439.2, 27037.15, 25868.15, 21009.15, 24889.0, 24893.2];[4322.12, 4144.37, 3956.14, 4152.51, 4021.87, 3984.14, 3935.8, 4194.8, 4321.46, 4224.3, 4286.05, 4137.84];INICIO;2024-11-30;mean_combination
62;12;hybrid_agent_qwen3=14b_mychen76;0.966640553659844;72.72727272727273;1.8708759634092076;120367.06142212918;1.8708745029983493;120180.12158333334;[138796.33, 123804.094, 110478.71, 119728.655, 122362.019, 124794.3, 118882.897, 129323.157, 124869.147, 122214.4, 132626.3, 123962.85];[4322.12, 4144.37, 3956.14, 4152.51, 4021.87, 3984.14, 3935.8, 4194.8, 4321.46, 4224.3, 4286.05, 4137.84];INICIO;2024-11-30;mean_combination
63;12;hybrid_agent_qwen3=14b_mychen76;0.7326619141553357;54.54545454545455;1.1574410185990776;11511.325389496178;1.1574351484120353;11448.487000000001;[15634.08, 17200.0, 16449.848, 16324.148, 15905.83, 15920.73, 14525.96, 15071.8, 13826.82, 13194.53, 16217.148, 16792.35];[4322.12, 4144.37, 3956.14, 4152.51, 4021.87, 3984.14, 3935.8, 4194.8, 4321.46, 4224.3, 4286.05, 4137.84];INICIO;2024-11-30;mean_combination
64;12;hybrid_agent_qwen3=14b_mychen76;103.20964594242082;45.45454545454545;1.9442734103155754;4082.877114084707;1.944227039950057;4081.085000000001;[83.73, 13.8, 41.8, 55.15, 13.76, 41.74, 74.31, 69.81, 107.34, 70.4, 56.46, 80.08];[4322.12, 4144.37, 3956.14, 4152.51, 4021.87, 3984.14, 3935.8, 4194.8, 4321.46, 4224.3, 4286.05, 4137.84];INICIO;2024-11-30;mean_combination
65;12;hybrid_agent_qwen3=14b_mychen76;0.9476888506766823;81.81818181818181;1.8011926439403128;75502.19079105197;1.8011904799459326;75307.24533333334;[88125.437, 72615.4, 67487.6, 78543.5, 82001.3, 85101.9, 75608.6, 77398.207, 84324.8, 78249.6, 82389.9, 81522.1];[4322.12, 4144.37, 3956.14, 4152.51, 4021.87, 3984.14, 3935.8, 4194.8, 4321.46, 4224.3, 4286.05, 4137.84];INICIO;2024-11-30;mean_combination
66;12;hybrid_agent_qwen3=14b_mychen76;0.8809131733365659;54.54545454545455;1.5824769456600691;40970.71878438967;1.5824731382458974;37620.71166666667;[62506.095, 60127.165, 62142.574, 58300.1, 52364.57, 43733.129, 38847.405, 30985.119, 26496.988, 25245.033, 22303.185, 18078.577];[4322.12, 4144.37, 3956.14, 4152.51, 4021.87, 3984.14, 3935.8, 4194.8, 4321.46, 4224.3, 4286.05, 4137.84];INICIO;2024-11-30;mean_combination
67;12;hybrid_agent_qwen3=14b_mychen76;0.7337147797324691;81.81818181818181;1.1590575170899502;11467.431181450904;1.159051628771446;11438.539166666667;[16393.7, 15576.6, 13753.3, 15170.6, 15824.6, 15425.0, 14275.4, 15581.925, 16151.9, 16349.6, 17307.55, 15133.695];[4322.12, 4144.37, 3956.14, 4152.51, 4021.87, 3984.14, 3935.8, 4194.8, 4321.46, 4224.3, 4286.05, 4137.84];INICIO;2024-11-30;mean_combination
68;12;hybrid_agent_qwen3=14b_mychen76;0.930693236590166;100.0;1.7407744679057142;55901.69331016598;1.7407717398615592;55761.364;[70869.45, 59991.494, 53150.349, 59699.65, 59351.85, 58827.503, 55682.753, 60029.066, 60152.785, 58218.356, 62917.728, 59926.784];[4322.12, 4144.37, 3956.14, 4152.51, 4021.87, 3984.14, 3935.8, 4194.8, 4321.46, 4224.3, 4286.05, 4137.84];INICIO;2024-11-30;mean_combination
69;12;hybrid_agent_qwen3=14b_mychen76;69.64777117360879;45.45454545454545;1.541193131241937;3561.2533093994216;1.5411569372139295;3333.8574999999996;[138.72, 124.25, 55.26, 41.54, 111.04, 13.83, 55.31, 27.54, 2971.69, 4560.32, 2178.03, 69.62];[4322.12, 4144.37, 3956.14, 4152.51, 4021.87, 3984.14, 3935.8, 4194.8, 4321.46, 4224.3, 4286.05, 4137.84];INICIO;2024-11-30;mean_combination
70;12;hybrid_agent_qwen3=14b_mychen76;0.8821110933334387;54.54545454545455;1.578800584933279;31969.623488410565;1.5787965737395686;31588.83766666667;[41252.826, 35301.384, 28282.627, 32124.587, 29902.886, 33082.336, 36575.929, 29221.791, 42543.135, 42803.919, 39835.341, 37820.691];[4322.12, 4144.37, 3956.14, 4152.51, 4021.87, 3984.14, 3935.8, 4194.8, 4321.46, 4224.3, 4286.05, 4137.84];INICIO;2024-11-30;mean_combination
71;12;hybrid_agent_qwen3=14b_mychen76;0.4532947513948464;54.54545454545455;0.6135092374323882;7907.253803096528;0.6135046232964959;4926.702833333334;[6780.579, 6811.96, 5080.22, 7273.22, 6448.438, 8632.885, 8029.13, 8066.13, 7765.03, 7536.3, 7008.08, 29369.862];[4322.12, 4144.37, 3956.14, 4152.51, 4021.87, 3984.14, 3935.8, 4194.8, 4321.46, 4224.3, 4286.05, 4137.84];INICIO;2024-11-30;mean_combination
72;12;hybrid_agent_qwen3=14b_mychen76;0.984105507280605;100.0;1.9374186022424145;257392.27318518335;1.9374178692534436;256912.2463333333;[303140.958, 272235.884, 251010.617, 266381.802, 257760.777, 249205.297, 237397.56, 256766.288, 258782.05, 248975.11, 270484.213, 260487.8];[4322.12, 4144.37, 3956.14, 4152.51, 4021.87, 3984.14, 3935.8, 4194.8, 4321.46, 4224.3, 4286.05, 4137.84];INICIO;2024-11-30;mean_combination
73;12;hybrid_agent_qwen3=14b_mychen76;0.989061685170593;72.72727272727273;1.9567213134237045;376255.99989387207;1.9567208012746082;375452.55816666665;[420584.385, 372404.442, 318992.041, 361779.553, 369174.549, 383045.535, 366090.328, 401968.319, 394826.074, 381021.237, 402798.778, 382426.857];[4322.12, 4144.37, 3956.14, 4152.51, 4021.87, 3984.14, 3935.8, 4194.8, 4321.46, 4224.3, 4286.05, 4137.84];INICIO;2024-11-30;mean_combination
74;12;hybrid_agent_qwen3=14b_mychen76;0.9186805648186428;72.72727272727273;1.6992194103383935;46958.10220998585;1.6992163210944196;46871.7385;[57769.45, 51884.393, 45684.376, 49791.856, 50301.09, 51493.147, 47885.447, 53066.6, 51673.35, 49099.45, 53675.843, 49817.26];[4322.12, 4144.37, 3956.14, 4152.51, 4021.87, 3984.14, 3935.8, 4194.8, 4321.46, 4224.3, 4286.05, 4137.84];INICIO;2024-11-30;mean_combination
75;12;hybrid_agent_qwen3=14b_mychen76;0.6215637297411051;72.72727272727273;0.9037999513811448;6994.0181095677935;0.9037939967051282;6902.113416666667;[10463.309, 11614.34, 10329.441, 11325.839, 10859.221, 12006.001, 10171.71, 10094.23, 14088.039, 11064.15, 11226.211, 9264.27];[4322.12, 4144.37, 3956.14, 4152.51, 4021.87, 3984.14, 3935.8, 4194.8, 4321.46, 4224.3, 4286.05, 4137.84];INICIO;2024-11-30;mean_combination
76;12;hybrid_agent_qwen3=14b_mychen76;0.9792435158149825;81.81818181818181;1.9186653560842233;196165.57331823642;1.9186644123527918;195786.532;[216891.763, 212991.978, 172233.491, 191422.095, 194009.4, 193983.211, 192075.15, 201342.131, 205561.695, 207296.868, 216382.24, 194929.762];[4322.12, 4144.37, 3956.14, 4152.51, 4021.87, 3984.14, 3935.8, 4194.8, 4321.46, 4224.3, 4286.05, 4137.84];INICIO;2024-11-30;mean_combination
77;12;hybrid_agent_qwen3=14b_mychen76;25.785174200002896;63.63636363636363;1.607192369504835;3673.305136960276;1.6071563337321155;3620.0004166666663;[1348.635, 608.04, 100.05, 2128.27, 162.98, 134.92, 933.73, 220.68, 125.06, 50.6, 68.08, 360.35];[4322.12, 4144.37, 3956.14, 4152.51, 4021.87, 3984.14, 3935.8, 4194.8, 4321.46, 4224.3, 4286.05, 4137.84];INICIO;2024-11-30;mean_combination
78;12;hybrid_agent_qwen3=14b_mychen76;90.19332707251728;54.54545454545455;1.9435590187804819;4082.8704324408823;1.9435126858117424;4080.7000000000007;[25.0, 45.0, 65.0, 66.0, 45.0, 79.0, 20.0, 77.0, 90.0, 88.0, 25.0, 88.0];[4322.12, 4144.37, 3956.14, 4152.51, 4021.87, 3984.14, 3935.8, 4194.8, 4321.46, 4224.3, 4286.05, 4137.84];INICIO;2024-11-30;mean_combination
79;12;hybrid_agent_qwen3=14b_mychen76;0.9842953568273897;100.0;1.9381543848324416;260713.00419268367;1.9381536598795759;260141.24041666664;[306762.262, 261165.719, 233943.837, 261123.722, 257605.312, 256847.697, 246677.997, 262480.027, 270374.723, 259733.25, 282884.912, 271776.827];[4322.12, 4144.37, 3956.14, 4152.51, 4021.87, 3984.14, 3935.8, 4194.8, 4321.46, 4224.3, 4286.05, 4137.84];INICIO;2024-11-30;mean_combination
80;12;hybrid_agent_qwen3=14b_mychen76;0.9546097301976615;90.9090909090909;1.8263317900665907;87183.58653429984;1.8263298741350924;87134.34349999999;[94181.706, 89399.202, 87861.67, 96114.949, 93048.502, 94114.929, 85639.457, 89491.868, 90865.611, 88718.292, 93530.533, 92326.803];[4322.12, 4144.37, 3956.14, 4152.51, 4021.87, 3984.14, 3935.8, 4194.8, 4321.46, 4224.3, 4286.05, 4137.84];INICIO;2024-11-30;mean_combination
81;12;hybrid_agent_qwen3=14b_mychen76;0.18654967304339928;54.54545454545455;0.1760061753208135;925.8585283209669;0.17600397283115574;719.4163333333332;[3956.895, 3525.687, 3258.689, 4011.336, 3494.487, 4255.321, 3037.398, 6513.147, 2955.254, 3728.223, 3517.309, 3973.714];[4322.12, 4144.37, 3956.14, 4152.51, 4021.87, 3984.14, 3935.8, 4194.8, 4321.46, 4224.3, 4286.05, 4137.84];INICIO;2024-11-30;mean_combination
82;12;hybrid_agent_qwen3=14b_mychen76;146.80357855487884;63.63636363636363;1.968860108275621;4109.781030092368;1.9688128748138627;4107.605416666666;[23.337, 46.704, 23.188, 23.656, 23.173, 23.408, 46.94, 76.575, 32.82, 23.368, 23.503, 23.463];[4322.12, 4144.37, 3956.14, 4152.51, 4021.87, 3984.14, 3935.8, 4194.8, 4321.46, 4224.3, 4286.05, 4137.84];INICIO;2024-11-30;mean_combination
83;12;hybrid_agent_qwen3=14b_mychen76;0.927025468157614;81.81818181818181;1.7279801260390368;52805.110154175665;1.7279772840778056;52706.323333333334;[61816.847, 57329.5, 49413.5, 54537.139, 56179.0, 56747.63, 53148.25, 59045.7, 59684.5, 57603.5, 61174.589, 55477.125];[4322.12, 4144.37, 3956.14, 4152.51, 4021.87, 3984.14, 3935.8, 4194.8, 4321.46, 4224.3, 4286.05, 4137.84];INICIO;2024-11-30;mean_combination
84;12;hybrid_agent_qwen3=14b_mychen76;0.8848088242687918;63.63636363636363;1.5869387964442534;32002.91341778451;1.586934835442386;31916.962333333333;[39848.0, 35655.3, 30847.0, 34266.548, 35730.2, 36918.5, 34225.3, 39678.5, 36309.7, 36576.5, 38327.1, 34302.3];[4322.12, 4144.37, 3956.14, 4152.51, 4021.87, 3984.14, 3935.8, 4194.8, 4321.46, 4224.3, 4286.05, 4137.84];INICIO;2024-11-30;mean_combination
85;12;hybrid_agent_qwen3=14b_mychen76;4.636793586349979e+18;72.72727272727273;1.9867878666394814;4128.521356543204;1.9867399874924605;4126.366666666668;[20.0, 45.0, 15.0, 20.0, 5.0, 30.0, 0.0, 0.0, 10.0, 0.0, 15.0, 5.0];[4322.12, 4144.37, 3956.14, 4152.51, 4021.87, 3984.14, 3935.8, 4194.8, 4321.46, 4224.3, 4286.05, 4137.84];INICIO;2024-11-30;mean_combination
86;12;hybrid_agent_qwen3=14b_mychen76;1.6744184707915435;63.63636363636363;0.7259954554780954;2402.090621695835;0.725982515336737;2170.2214166666668;[2048.94, 2422.0, 921.9, 3388.53, 1378.658, 481.36, 1238.19, 3026.685, 4169.77, 7843.6, 2454.79, 1502.92];[4322.12, 4144.37, 3956.14, 4152.51, 4021.87, 3984.14, 3935.8, 4194.8, 4321.46, 4224.3, 4286.05, 4137.84];INICIO;2024-11-30;mean_combination
87;12;hybrid_agent_qwen3=14b_mychen76;0.9686906289132154;81.81818181818181;1.8785744044806327;128810.05572722809;1.8785730250795514;128509.65791666666;[139669.6, 134164.05, 111216.93, 123234.61, 128675.696, 132492.8, 126484.9, 137932.5, 138588.6, 135420.3, 147003.209, 136914.1];[4322.12, 4144.37, 3956.14, 4152.51, 4021.87, 3984.14, 3935.8, 4194.8, 4321.46, 4224.3, 4286.05, 4137.84];INICIO;2024-11-30;mean_combination
88;12;hybrid_agent_qwen3=14b_mychen76;0.7713856835240382;72.72727272727273;1.2572881386593764;14353.995120224374;1.2572825243393142;14207.725083333333;[16591.383, 14227.022, 15043.716, 17034.077, 18730.904, 18976.166, 18467.545, 20080.649, 20960.209, 19552.072, 20624.836, 19885.522];[4322.12, 4144.37, 3956.14, 4152.51, 4021.87, 3984.14, 3935.8, 4194.8, 4321.46, 4224.3, 4286.05, 4137.84];INICIO;2024-11-30;mean_combination
89;12;hybrid_agent_qwen3=14b_mychen76;0.5028047944474598;63.63636363636363;0.7172531476841294;6291.746118980333;0.7172482785747559;5456.926416666666;[9219.788, 10628.311, 9622.919, 10753.34, 8567.406, 3786.615, 5346.344, 11471.196, 13451.604, 14797.573, 12149.234, 4975.137];[4322.12, 4144.37, 3956.14, 4152.51, 4021.87, 3984.14, 3935.8, 4194.8, 4321.46, 4224.3, 4286.05, 4137.84];INICIO;2024-11-30;mean_combination
90;12;hybrid_agent_qwen3=14b_mychen76;5.175863012978473;63.63636363636363;1.3047314800996017;3250.688648880675;1.304704746991234;3217.276166666667;[315.0, 354.722, 445.21, 801.274, 515.0, 685.374, 706.643, 929.747, 1451.067, 1312.518, 1825.578, 1731.953];[4322.12, 4144.37, 3956.14, 4152.51, 4021.87, 3984.14, 3935.8, 4194.8, 4321.46, 4224.3, 4286.05, 4137.84];INICIO;2024-11-30;mean_combination
91;12;hybrid_agent_qwen3=14b_mychen76;0.750063025626539;90.9090909090909;1.2003597978569565;12479.330203636855;1.2003539993516146;12453.18975;[17159.976, 15645.275, 14807.121, 15741.349, 16542.85, 16501.058, 16201.208, 17313.441, 17762.135, 17050.23, 18072.968, 16322.066];[4322.12, 4144.37, 3956.14, 4152.51, 4021.87, 3984.14, 3935.8, 4194.8, 4321.46, 4224.3, 4286.05, 4137.84];INICIO;2024-11-30;mean_combination
92;12;hybrid_agent_qwen3=14b_mychen76;1.585379658825099e+18;63.63636363636363;1.9711847889305993;4112.403842819104;1.971137474628032;4110.116666666668;[40.0, 65.0, 55.0, 43.0, 46.0, 20.0, 11.0, 15.0, 15.0, 0.0, 30.0, 20.0];[4322.12, 4144.37, 3956.14, 4152.51, 4021.87, 3984.14, 3935.8, 4194.8, 4321.46, 4224.3, 4286.05, 4137.84];INICIO;2024-11-30;mean_combination
93;12;hybrid_agent_qwen3=14b_mychen76;188.06550949721472;54.54545454545455;1.9667923476884264;4106.450128749689;1.9667451657374515;4104.6225;[13.78, 27.58, 26.89, 13.81, 13.84, 28.28, 28.03, 14.09, 170.03, 32.89, 37.96, 18.75];[4322.12, 4144.37, 3956.14, 4152.51, 4021.87, 3984.14, 3935.8, 4194.8, 4321.46, 4224.3, 4286.05, 4137.84];INICIO;2024-11-30;mean_combination
94;12;hybrid_agent_qwen3=14b_mychen76;0.9552616254891463;72.72727272727273;1.8287218812157804;88759.08468556085;1.8287199873789532;88596.53791666667;[99643.06, 93951.93, 80480.09, 87175.73, 88906.69, 93206.646, 88914.86, 97032.0, 96598.13, 94505.8, 100625.629, 91799.29];[4322.12, 4144.37, 3956.14, 4152.51, 4021.87, 3984.14, 3935.8, 4194.8, 4321.46, 4224.3, 4286.05, 4137.84];INICIO;2024-11-30;mean_combination
95;12;hybrid_agent_qwen3=14b_mychen76;0.8962430734052452;81.81818181818181;1.6240437743846199;35903.33328257712;1.624040084411596;35839.70016666667;[44226.6, 39784.051, 34800.05, 39629.95, 39470.451, 40096.9, 38949.6, 42534.55, 40156.35, 39810.5, 41939.3, 38359.5];[4322.12, 4144.37, 3956.14, 4152.51, 4021.87, 3984.14, 3935.8, 4194.8, 4321.46, 4224.3, 4286.05, 4137.84];INICIO;2024-11-30;mean_combination
96;12;hybrid_agent_qwen3=14b_mychen76;0.919641110278664;81.81818181818181;1.702528119348868;47623.255031193155;1.7025250588251346;47521.91908333332;[51533.259, 50725.583, 44383.302, 48805.269, 53109.144, 52090.581, 50427.1, 54142.282, 57451.916, 54029.802, 53901.496, 49344.695];[4322.12, 4144.37, 3956.14, 4152.51, 4021.87, 3984.14, 3935.8, 4194.8, 4321.46, 4224.3, 4286.05, 4137.84];INICIO;2024-11-30;mean_combination
97;12;hybrid_agent_qwen3=14b_mychen76;0.6735987876510104;90.9090909090909;1.016011840591924;8592.791046641054;1.0160058035825286;8569.883000000002;[13444.0, 12476.45, 10926.5, 12501.0, 12928.0, 12908.5, 12114.5, 13251.0, 13448.5, 12848.346, 13543.8, 12129.4];[4322.12, 4144.37, 3956.14, 4152.51, 4021.87, 3984.14, 3935.8, 4194.8, 4321.46, 4224.3, 4286.05, 4137.84];INICIO;2024-11-30;mean_combination
98;12;hybrid_agent_qwen3=14b_mychen76;100.25574723492578;54.54545454545455;1.9517622334644396;4091.586904421478;1.9517156091151895;4089.4500000000007;[35.0, 55.0, 53.0, 50.0, 55.0, 50.0, 40.0, 48.0, 70.0, 107.0, 30.0, 15.0];[4322.12, 4144.37, 3956.14, 4152.51, 4021.87, 3984.14, 3935.8, 4194.8, 4321.46, 4224.3, 4286.05, 4137.84];INICIO;2024-11-30;mean_combination
99;12;hybrid_agent_qwen3=14b_mychen76;0.9871233726734195;72.72727272727273;1.9491506616775052;319654.0239726138;1.9491500623110263;318734.07916666666;[371571.711, 336930.215, 301504.701, 333108.958, 339573.828, 275862.258, 294854.615, 322307.725, 320721.966, 305481.305, 339797.413, 332775.655];[4322.12, 4144.37, 3956.14, 4152.51, 4021.87, 3984.14, 3935.8, 4194.8, 4321.46, 4224.3, 4286.05, 4137.84];INICIO;2024-11-30;mean_combination
100;12;hybrid_agent_qwen3=14b_mychen76;0.6120464728388565;36.36363636363637;0.8863810376436582;7007.864130747107;0.8863751507395544;6779.641083333335;[9690.78, 10852.238, 10613.229, 10207.196, 8460.63, 8905.022, 9825.99, 11830.143, 14323.215, 14726.076, 10397.832, 11204.742];[4322.12, 4144.37, 3956.14, 4152.51, 4021.87, 3984.14, 3935.8, 4194.8, 4321.46, 4224.3, 4286.05, 4137.84];INICIO;2024-11-30;mean_combination
101;12;hybrid_agent_qwen3=14b_mychen76;0.14555594703565716;54.54545454545455;0.15452425729194078;776.0660450909876;0.15452250811806156;685.1838333333334;[3501.5, 4639.8, 4755.0, 5502.345, 5300.0, 4824.588, 4708.433, 4897.0, 4807.5, 4058.0, 3922.0, 4285.5];[4322.12, 4144.37, 3956.14, 4152.51, 4021.87, 3984.14, 3935.8, 4194.8, 4321.46, 4224.3, 4286.05, 4137.84];INICIO;2024-11-30;mean_combination
102;12;hybrid_agent_qwen3=14b_mychen76;0.8118062725680059;63.63636363636363;1.3751970371413347;20603.390542215137;1.375192011274461;19763.524166666666;[14697.302, 13457.042, 13926.091, 25389.114, 25572.974, 25330.768, 26611.816, 28347.195, 28128.791, 27741.809, 29419.203, 28221.585];[4322.12, 4144.37, 3956.14, 4152.51, 4021.87, 3984.14, 3935.8, 4194.8, 4321.46, 4224.3, 4286.05, 4137.84];INICIO;2024-11-30;mean_combination
103;12;hybrid_agent_qwen3=14b_mychen76;0.9835322202099293;72.72727272727273;1.9352012607556623;249420.28172991145;1.9352005027286074;248584.31491666668;[244970.136, 222031.27, 227871.864, 231419.069, 242622.246, 253121.793, 250479.626, 285902.899, 286001.574, 264862.94, 274561.434, 248848.328];[4322.12, 4144.37, 3956.14, 4152.51, 4021.87, 3984.14, 3935.8, 4194.8, 4321.46, 4224.3, 4286.05, 4137.84];INICIO;2024-11-30;mean_combination
104;12;hybrid_agent_qwen3=14b_mychen76;4.659761944449568e+18;54.54545454545455;1.9902318080951529;4132.115847148811;1.9901838051797167;4129.980833333332;[0.0, 12.76, 0.0, 13.27, 13.82, 13.3, 13.6, 14.04, 13.69, 13.66, 13.49, 0.0];[4322.12, 4144.37, 3956.14, 4152.51, 4021.87, 3984.14, 3935.8, 4194.8, 4321.46, 4224.3, 4286.05, 4137.84];INICIO;2024-11-30;mean_combination
105;12;hybrid_agent_qwen3=14b_mychen76;0.44305446610879023;81.81818181818181;0.5700275726321651;3322.276244154608;0.5700226543175876;3305.8830314166676;[7265.673913, 7646.800725, 7233.264493, 7352.128623, 7973.356884, 7646.347826, 7221.04529, 7565.282609, 7796.766304, 6821.655797, 7592.742754, 7236.931159];[4322.12, 4144.37, 3956.14, 4152.51, 4021.87, 3984.14, 3935.8, 4194.8, 4321.46, 4224.3, 4286.05, 4137.84];INICIO;2024-11-30;mean_combination
106;12;hybrid_agent_qwen3=14b_mychen76;0.48191860648930346;90.9090909090909;0.3875705174965302;1350.5926730602764;0.3875649258757039;1344.22611725;[2858.280797, 2736.402174, 2615.472826, 2810.967391, 2921.538043, 2907.759058, 2671.393116, 2784.740942, 2837.429348, 2726.722826, 2936.007246, 2743.972826];[4322.12, 4144.37, 3956.14, 4152.51, 4021.87, 3984.14, 3935.8, 4194.8, 4321.46, 4224.3, 4286.05, 4137.84];INICIO;2024-11-30;mean_combination
107;12;hybrid_agent_qwen3=14b_mychen76;0.8203127264425253;63.63636363636363;1.3910975661612703;19055.102835736907;1.3910924550902062;18993.883635833336;[21540.51449, 22638.87319, 20717.08877, 21166.3587, 23748.51449, 24063.125, 23342.88587, 25884.73551, 25553.8913, 22183.24457, 23873.15217, 22895.61957];[4322.12, 4144.37, 3956.14, 4152.51, 4021.87, 3984.14, 3935.8, 4194.8, 4321.46, 4224.3, 4286.05, 4137.84];INICIO;2024-11-30;mean_combination
108;12;hybrid_agent_qwen3=14b_mychen76;0.8740835764212757;81.81818181818181;1.5528753222858362;28990.07461849756;1.5528711297575464;28891.968833333332;[32065.0, 28381.0, 29001.5, 32405.5, 34075.0, 33737.2, 32308.5, 35110.9, 36021.0, 33904.726, 36994.2, 32380.5];[4322.12, 4144.37, 3956.14, 4152.51, 4021.87, 3984.14, 3935.8, 4194.8, 4321.46, 4224.3, 4286.05, 4137.84];INICIO;2024-11-30;mean_combination
109;12;hybrid_agent_qwen3=14b_mychen76;0.946021205858108;72.72727272727273;1.7951737091639;72955.75854371248;1.795171487258344;72795.15688499999;[81054.93841, 72432.62138, 68128.85507, 70997.95471, 77317.67935, 77698.09783, 77224.47826, 85278.87138, 83075.7808, 73583.35145, 81032.47101, 75398.18297];[4322.12, 4144.37, 3956.14, 4152.51, 4021.87, 3984.14, 3935.8, 4194.8, 4321.46, 4224.3, 4286.05, 4137.84];INICIO;2024-11-30;mean_combination
110;12;hybrid_agent_qwen3=14b_mychen76;0.9804080283481983;72.72727272727273;1.9231440383304628;208318.75907653625;1.9231431456248174;207906.76741666664;[239435.611, 222947.837, 211475.048, 224695.837, 218114.671, 219069.261, 191697.693, 209065.598, 198170.294, 198714.122, 211630.654, 199545.983];[4322.12, 4144.37, 3956.14, 4152.51, 4021.87, 3984.14, 3935.8, 4194.8, 4321.46, 4224.3, 4286.05, 4137.84];INICIO;2024-11-30;mean_combination
111;12;hybrid_agent_qwen3=14b_mychen76;36.073141520899654;72.72727272727273;1.8882237362597973;4022.4753684957996;1.8881793438346728;4020.60025;[129.585, 115.728, 98.0, 145.359, 82.0, 102.0, 98.163, 176.93, 123.222, 67.215, 145.724, 150.271];[4322.12, 4144.37, 3956.14, 4152.51, 4021.87, 3984.14, 3935.8, 4194.8, 4321.46, 4224.3, 4286.05, 4137.84];INICIO;2024-11-30;mean_combination
112;12;hybrid_agent_qwen3=14b_mychen76;0.9963503933803394;72.72727272727273;1.9854550976396688;1143374.684789934;1.985454923163623;1138907.0425833333;[1072537.466, 966387.502, 988435.92, 1077735.229, 1174965.005, 1217669.268, 1205240.783, 1250102.984, 1271726.876, 1198705.745, 1237295.698, 1055763.435];[4322.12, 4144.37, 3956.14, 4152.51, 4021.87, 3984.14, 3935.8, 4194.8, 4321.46, 4224.3, 4286.05, 4137.84];INICIO;2024-11-30;mean_combination
113;12;hybrid_agent_qwen3=14b_mychen76;17.148581004473993;72.72727272727273;1.7819693432692352;3902.782594913585;1.7819285907328941;3900.7239166666673;[272.225, 244.713, 192.605, 218.0, 217.112, 203.0, 304.253, 297.423, 248.0, 245.0, 297.382, 133.0];[4322.12, 4144.37, 3956.14, 4152.51, 4021.87, 3984.14, 3935.8, 4194.8, 4321.46, 4224.3, 4286.05, 4137.84];INICIO;2024-11-30;mean_combination
114;12;hybrid_agent_qwen3=14b_mychen76;0.7937523544302415;54.54545454545455;1.3163657302781375;16005.429268193635;1.3163602982665137;15976.640578333334;[19507.54529, 20484.09601, 19478.54891, 19192.10326, 20430.94203, 20604.69203, 19786.12862, 21901.7192, 21391.0942, 18229.88406, 20778.78623, 19615.5471];[4322.12, 4144.37, 3956.14, 4152.51, 4021.87, 3984.14, 3935.8, 4194.8, 4321.46, 4224.3, 4286.05, 4137.84];INICIO;2024-11-30;mean_combination
115;12;hybrid_agent_qwen3=14b_mychen76;1.509407686111048e+18;45.45454545454545;1.964763088329678;4104.376245537601;1.9647159828273615;4102.725000000001;[62.7, 24.0, 24.0, 24.0, 0.0, 19.0, 19.0, 48.0, 54.0, 65.0, 59.0, 50.0];[4322.12, 4144.37, 3956.14, 4152.51, 4021.87, 3984.14, 3935.8, 4194.8, 4321.46, 4224.3, 4286.05, 4137.84];INICIO;2024-11-30;mean_combination
116;12;hybrid_agent_qwen3=14b_mychen76;0.9875958190902048;45.45454545454545;1.9509981731983081;334968.13051495346;1.9509975959555312;333191.9936666667;[294465.28, 352683.636, 365092.154, 297098.076, 279561.925, 321993.63, 372177.59, 361700.417, 367376.992, 334639.112, 390231.956, 310964.556];[4322.12, 4144.37, 3956.14, 4152.51, 4021.87, 3984.14, 3935.8, 4194.8, 4321.46, 4224.3, 4286.05, 4137.84];INICIO;2024-11-30;mean_combination
117;12;hybrid_agent_qwen3=14b_mychen76;0.7109541534042605;72.72727272727273;1.1035198388786596;10238.257238510929;1.1035138680107421;10214.474819166668;[14466.03442, 13286.60326, 13454.11594, 13579.36957, 14749.28804, 14233.33514, 14886.66486, 15175.20471, 15353.87138, 13375.2192, 14932.83877, 14762.55254];[4322.12, 4144.37, 3956.14, 4152.51, 4021.87, 3984.14, 3935.8, 4194.8, 4321.46, 4224.3, 4286.05, 4137.84];INICIO;2024-11-30;mean_combination
118;12;hybrid_agent_qwen3=14b_mychen76;0.9842616404545251;81.81818181818181;1.9380233000735547;259441.7677345184;1.938022574279475;259200.1004166667;[255012.613, 250165.361, 251752.581, 259603.175, 272996.217, 255134.018, 253296.093, 271500.318, 282203.552, 263092.041, 284371.435, 260955.201];[4322.12, 4144.37, 3956.14, 4152.51, 4021.87, 3984.14, 3935.8, 4194.8, 4321.46, 4224.3, 4286.05, 4137.84];INICIO;2024-11-30;mean_combination
119;12;hybrid_agent_qwen3=14b_mychen76;0.6803910781513416;63.63636363636363;1.0351097419915318;9356.392079742045;1.0351037790749456;9111.462833333333;[12209.593, 14921.1, 15758.4, 18434.095, 13885.452, 12074.002, 10597.3, 12686.378, 11942.015, 11120.488, 12521.995, 12868.136];[4322.12, 4144.37, 3956.14, 4152.51, 4021.87, 3984.14, 3935.8, 4194.8, 4321.46, 4224.3, 4286.05, 4137.84];INICIO;2024-11-30;mean_combination
120;12;hybrid_agent_qwen3=14b_mychen76;0.9843922246958526;72.72727272727273;1.9385315797491653;262422.06105182035;1.938530859887046;261926.47180000003;[255085.0906, 251711.2572, 245742.1159, 248332.6504, 267652.721, 269931.7174, 268166.0489, 297321.5779, 292402.7011, 252688.0851, 280257.1957, 263507.9004];[4322.12, 4144.37, 3956.14, 4152.51, 4021.87, 3984.14, 3935.8, 4194.8, 4321.46, 4224.3, 4286.05, 4137.84];INICIO;2024-11-30;mean_combination
121;12;hybrid_agent_qwen3=14b_mychen76;0.8847659210410495;72.72727272727273;1.5867543290025632;31849.95195437355;1.5867503685319997;31823.6605075;[35133.58696, 35152.21377, 33967.63587, 35645.96014, 37574.17935, 37233.43478, 34392.78623, 37534.99094, 36981.91667, 35008.5, 37896.80254, 35043.31884];[4322.12, 4144.37, 3956.14, 4152.51, 4021.87, 3984.14, 3935.8, 4194.8, 4321.46, 4224.3, 4286.05, 4137.84];INICIO;2024-11-30;mean_combination
122;12;hybrid_agent_qwen3=14b_mychen76;0.9659040654902827;63.63636363636363;1.8681291092433634;117873.91128454021;1.8681276214627343;117659.57565833331;[113711.6739, 118107.5616, 110864.5598, 114569.0199, 124296.9692, 125137.2717, 123320.7482, 134882.9601, 133185.9293, 116304.7899, 124463.6431, 122751.1812];[4322.12, 4144.37, 3956.14, 4152.51, 4021.87, 3984.14, 3935.8, 4194.8, 4321.46, 4224.3, 4286.05, 4137.84];INICIO;2024-11-30;mean_combination
123;12;hybrid_agent_qwen3=14b_mychen76;0.6545627122137365;81.81818181818181;0.973432661721921;7888.949943595375;0.973426628820472;7868.185114166666;[11675.81159, 11663.86775, 10697.93659, 11319.60326, 11798.21739, 12201.48007, 11969.92391, 12797.9058, 13102.00725, 12028.77355, 12571.97283, 12272.12138];[4322.12, 4144.37, 3956.14, 4152.51, 4021.87, 3984.14, 3935.8, 4194.8, 4321.46, 4224.3, 4286.05, 4137.84];INICIO;2024-11-30;mean_combination
124;12;hybrid_agent_qwen3=14b_mychen76;124.64128440264393;63.63636363636363;1.9645879574851868;4104.789423839628;1.9645408695982465;4102.888999999999;[48.71, 34.2, 36.107, 23.0, 15.0, 30.237, 35.0, 37.519, 55.298, 45.06, 55.959, 30.642];[4322.12, 4144.37, 3956.14, 4152.51, 4021.87, 3984.14, 3935.8, 4194.8, 4321.46, 4224.3, 4286.05, 4137.84];INICIO;2024-11-30;mean_combination
125;12;hybrid_agent_qwen3=14b_mychen76;87.87490099240277;72.72727272727273;1.9369190186584948;4075.6440683679984;1.936872920590542;4073.590083333334;[65.168, 93.153, 61.0, 75.0, 55.488, 65.231, 65.0, 91.584, 88.0, 60.555, 68.14, 10.0];[4322.12, 4144.37, 3956.14, 4152.51, 4021.87, 3984.14, 3935.8, 4194.8, 4321.46, 4224.3, 4286.05, 4137.84];INICIO;2024-11-30;mean_combination
126;12;hybrid_agent_qwen3=14b_mychen76;2054.052579969337;54.54545454545455;1.987594371023718;4129.391274435;1.987546463887455;4127.24775;[12.649, 15.488, 17.496, 10.0, 0.193, 17.425, 15.133, 20.287, 10.321, 5.0, 20.05, 10.385];[4322.12, 4144.37, 3956.14, 4152.51, 4021.87, 3984.14, 3935.8, 4194.8, 4321.46, 4224.3, 4286.05, 4137.84];INICIO;2024-11-30;mean_combination
127;12;hybrid_agent_qwen3=14b_mychen76;0.9857163779171909;54.54545454545455;1.9436769520530033;289058.9308334871;1.943676290970796;287917.97475000005;[255901.621, 247515.348, 278535.346, 284095.135, 292412.269, 294185.443, 303511.586, 331075.169, 314231.165, 297572.02, 334143.39, 271518.605];[4322.12, 4144.37, 3956.14, 4152.51, 4021.87, 3984.14, 3935.8, 4194.8, 4321.46, 4224.3, 4286.05, 4137.84];INICIO;2024-11-30;mean_combination
128;12;hybrid_agent_qwen3=14b_mychen76;0.4530067878341699;54.54545454545455;0.5865719475226091;3458.726134750846;0.586566945155004;3441.601177416667;[7594.860507, 7388.097826, 7424.096014, 7296.472826, 7816.65942, 8147.70471, 7382.155797, 8121.331522, 7624.826087, 7084.311594, 7600.376812, 7499.721014];[4322.12, 4144.37, 3956.14, 4152.51, 4021.87, 3984.14, 3935.8, 4194.8, 4321.46, 4224.3, 4286.05, 4137.84];INICIO;2024-11-30;mean_combination
129;12;hybrid_agent_qwen3=14b_mychen76;0.9513481532354509;63.63636363636363;1.8144738874734212;81789.90148505196;1.8144718545581748;81478.64404833333;[78503.32971, 78698.16304, 76465.09783, 78393.86775, 84695.93297, 88695.03442, 87552.64674, 100002.3967, 96611.63768, 83613.08877, 91017.15761, 83176.77536];[4322.12, 4144.37, 3956.14, 4152.51, 4021.87, 3984.14, 3935.8, 4194.8, 4321.46, 4224.3, 4286.05, 4137.84];INICIO;2024-11-30;mean_combination
130;12;hybrid_agent_qwen3=14b_mychen76;0.8838480359502968;90.9090909090909;1.5842274191605699;32339.366614183153;1.5842234438634168;32012.007833333333;[40199.015, 39247.586, 34989.5, 35175.5, 33086.272, 31709.0, 27789.91, 31911.0, 35056.0, 37412.813, 44631.015, 42617.883];[4322.12, 4144.37, 3956.14, 4152.51, 4021.87, 3984.14, 3935.8, 4194.8, 4321.46, 4224.3, 4286.05, 4137.84];INICIO;2024-11-30;mean_combination
131;12;hybrid_agent_qwen3=14b_mychen76;0.9043172062136916;81.81818181818181;1.6507721385887315;39405.63822540355;1.6507686538087494;39285.49208333334;[42433.19, 41821.61, 39332.79, 41220.83, 41737.73, 42663.705, 38019.16, 45440.39, 47111.29, 45809.39, 48747.54, 46769.68];[4322.12, 4144.37, 3956.14, 4152.51, 4021.87, 3984.14, 3935.8, 4194.8, 4321.46, 4224.3, 4286.05, 4137.84];INICIO;2024-11-30;mean_combination
132;12;hybrid_agent_qwen3=14b_mychen76;113.74441389229706;81.81818181818181;1.9626661864980959;4102.957850534925;1.962619170873971;4100.961833333334;[60.594, 34.506, 32.997, 32.998, 21.702, 47.761, 40.759, 34.371, 47.391, 26.634, 58.0, 32.145];[4322.12, 4144.37, 3956.14, 4152.51, 4021.87, 3984.14, 3935.8, 4194.8, 4321.46, 4224.3, 4286.05, 4137.84];INICIO;2024-11-30;mean_combination
133;12;hybrid_agent_qwen3=14b_mychen76;15.504203198624845;63.63636363636363;1.7610579067725975;3879.1443573171946;1.7610178612827065;3876.5603333333343;[229.455, 315.674, 150.897, 254.396, 242.499, 337.444, 290.654, 353.653, 237.838, 259.741, 287.871, 202.554];[4322.12, 4144.37, 3956.14, 4152.51, 4021.87, 3984.14, 3935.8, 4194.8, 4321.46, 4224.3, 4286.05, 4137.84];INICIO;2024-11-30;mean_combination
134;12;hybrid_agent_qwen3=14b_mychen76;0.9278158241004185;81.81818181818181;1.7308507960710926;53959.74783757582;1.7308479824188276;53695.16541666666;[55182.9, 50419.7, 44735.8, 58410.6, 59021.5, 58219.138, 57235.9, 64997.2, 63054.223, 58882.9, 62341.4, 61522.124];[4322.12, 4144.37, 3956.14, 4152.51, 4021.87, 3984.14, 3935.8, 4194.8, 4321.46, 4224.3, 4286.05, 4137.84];INICIO;2024-11-30;mean_combination
135;12;hybrid_agent_qwen3=14b_mychen76;210.64112741175776;45.45454545454545;1.978335355100348;4119.619793286724;1.9782877797784357;4117.525250000001;[17.998, 23.124, 8.682, 29.185, 19.291, 20.03, 21.898, 23.979, 25.805, 30.816, 12.364, 37.925];[4322.12, 4144.37, 3956.14, 4152.51, 4021.87, 3984.14, 3935.8, 4194.8, 4321.46, 4224.3, 4286.05, 4137.84];INICIO;2024-11-30;mean_combination
136;12;hybrid_agent_qwen3=14b_mychen76;0.8526233731697624;63.63636363636363;1.4863348627501758;24020.188354463262;1.4863302520439399;23992.206853333333;[27028.30616, 28460.5, 26170.27717, 27653.16304, 28843.49275, 29501.22826, 26867.89312, 29429.52536, 29360.84964, 26667.5308, 29606.93297, 27998.18297];[4322.12, 4144.37, 3956.14, 4152.51, 4021.87, 3984.14, 3935.8, 4194.8, 4321.46, 4224.3, 4286.05, 4137.84];INICIO;2024-11-30;mean_combination
137;12;hybrid_agent_qwen3=14b_mychen76;0.9554662366315418;90.9090909090909;1.8294726624551894;89112.47490712393;1.8294707771578524;88986.52316666668;[99170.582, 91042.924, 87613.898, 94877.676, 94679.184, 92822.768, 85482.538, 92143.848, 91835.592, 87791.791, 102837.008, 97221.869];[4322.12, 4144.37, 3956.14, 4152.51, 4021.87, 3984.14, 3935.8, 4194.8, 4321.46, 4224.3, 4286.05, 4137.84];INICIO;2024-11-30;mean_combination
138;12;hybrid_agent_qwen3=14b_mychen76;0.8107025037505758;81.81818181818181;0.5556689211169952;1826.392419265367;0.5556601054205866;1760.7083333333333;[1909.285, 1892.796, 1760.155, 2088.281, 2144.03, 2115.404, 2070.309, 2618.711, 2671.633, 2630.674, 3054.119, 3597.503];[4322.12, 4144.37, 3956.14, 4152.51, 4021.87, 3984.14, 3935.8, 4194.8, 4321.46, 4224.3, 4286.05, 4137.84];INICIO;2024-11-30;mean_combination
139;12;hybrid_agent_qwen3=14b_mychen76;0.6450952867836404;72.72727272727273;0.48669488350788376;1625.2970395746092;0.486687564568886;1619.8221316666666;[2563.222826, 2425.530797, 2310.505435, 2467.952899, 2555.11413, 2647.509058, 2429.460145, 2713.043478, 2619.846014, 2430.974638, 2641.152174, 2439.222826];[4322.12, 4144.37, 3956.14, 4152.51, 4021.87, 3984.14, 3935.8, 4194.8, 4321.46, 4224.3, 4286.05, 4137.84];INICIO;2024-11-30;mean_combination
140;12;hybrid_agent_qwen3=14b_mychen76;0.9375777095713458;63.63636363636363;1.7650943737985456;63112.45190460059;1.76509187069694;62764.70685666666;[61220.73551, 61312.19022, 57361.90399, 60950.10145, 67461.9837, 71978.58877, 67156.59964, 80424.30435, 77117.82609, 64314.2337, 69949.30254, 63610.11232];[4322.12, 4144.37, 3956.14, 4152.51, 4021.87, 3984.14, 3935.8, 4194.8, 4321.46, 4224.3, 4286.05, 4137.84];INICIO;2024-11-30;mean_combination
141;12;hybrid_agent_qwen3=14b_mychen76;122.9424936248321;45.45454545454545;1.9647647612947736;4105.288287460334;1.9647176719547348;4103.2265;[20.0, 40.335, 25.0, 35.177, 23.494, 40.0, 30.0, 30.0, 45.508, 58.433, 39.735, 55.0];[4322.12, 4144.37, 3956.14, 4152.51, 4021.87, 3984.14, 3935.8, 4194.8, 4321.46, 4224.3, 4286.05, 4137.84];INICIO;2024-11-30;mean_combination
142;12;hybrid_agent_qwen3=14b_mychen76;0.9179583523133585;63.63636363636363;1.6968522279135299;46797.268268782966;1.696849122634332;46620.5385275;[45043.28261, 46288.31341, 45596.30072, 47145.62681, 50893.75906, 52239.78623, 50953.54167, 58018.16848, 56934.57428, 50745.28442, 54723.67029, 50545.55435];[4322.12, 4144.37, 3956.14, 4152.51, 4021.87, 3984.14, 3935.8, 4194.8, 4321.46, 4224.3, 4286.05, 4137.84];INICIO;2024-11-30;mean_combination
143;12;hybrid_agent_qwen3=14b_mychen76;0.5802889529746854;54.54545454545455;0.8210159487678551;5972.705784248466;0.8210101571004761;5862.030250000001;[8378.692, 9879.408, 9363.044, 10817.144, 11077.294, 7646.804, 8811.781, 11061.842, 10408.348, 9917.84, 11178.054, 11485.512];[4322.12, 4144.37, 3956.14, 4152.51, 4021.87, 3984.14, 3935.8, 4194.8, 4321.46, 4224.3, 4286.05, 4137.84];INICIO;2024-11-30;mean_combination
144;12;hybrid_agent_qwen3=14b_mychen76;0.9594455933615316;81.81818181818181;1.844130428913038;98792.95703574838;1.8441286908423817;98454.94616666668;[104964.46, 100566.0, 87955.637, 90008.2, 93827.7, 101633.457, 99189.8, 110531.5, 111733.4, 107316.2, 114065.5, 109348.9];[4322.12, 4144.37, 3956.14, 4152.51, 4021.87, 3984.14, 3935.8, 4194.8, 4321.46, 4224.3, 4286.05, 4137.84];INICIO;2024-11-30;mean_combination
145;12;hybrid_agent_qwen3=14b_mychen76;22.206957558635523;54.54545454545455;1.8312873337953315;3960.5939058414374;1.8312449331631921;3958.0556666666666;[201.393, 199.265, 158.938, 156.126, 190.67, 222.187, 199.026, 207.646, 155.249, 138.27, 175.832, 180.13];[4322.12, 4144.37, 3956.14, 4152.51, 4021.87, 3984.14, 3935.8, 4194.8, 4321.46, 4224.3, 4286.05, 4137.84];INICIO;2024-11-30;mean_combination
146;12;hybrid_agent_qwen3=14b_mychen76;0.9748321674962867;45.45454545454545;1.9018177672891932;161870.49912072922;1.9018166401492496;161369.9675;[143607.293, 147712.235, 176621.272, 166769.611, 155317.504, 155850.505, 174745.061, 183419.642, 177192.763, 165721.538, 180694.769, 158468.817];[4322.12, 4144.37, 3956.14, 4152.51, 4021.87, 3984.14, 3935.8, 4194.8, 4321.46, 4224.3, 4286.05, 4137.84];INICIO;2024-11-30;mean_combination
147;12;hybrid_agent_qwen3=14b_mychen76;0.8724290863732107;81.81818181818181;1.547714626145812;28647.10697673374;1.5477103997084238;28514.863416666663;[31363.6, 31212.5, 28317.5, 30701.771, 34640.5, 34688.64, 27921.0, 31770.5, 34318.0, 33946.3, 37734.45, 35245.0];[4322.12, 4144.37, 3956.14, 4152.51, 4021.87, 3984.14, 3935.8, 4194.8, 4321.46, 4224.3, 4286.05, 4137.84];INICIO;2024-11-30;mean_combination
148;12;hybrid_agent_qwen3=14b_mychen76;0.2584680256053158;81.81818181818181;0.22732364812694317;862.2634116470992;0.22732057698093466;842.3767815000001;[3443.972826, 3268.719203, 2955.077899, 3282.096014, 3212.652174, 3515.030797, 3175.797101, 3576.75, 3255.619565, 3040.913043, 3430.356884, 3415.893116];[4322.12, 4144.37, 3956.14, 4152.51, 4021.87, 3984.14, 3935.8, 4194.8, 4321.46, 4224.3, 4286.05, 4137.84];INICIO;2024-11-30;mean_combination
149;12;hybrid_agent_qwen3=14b_mychen76;0.8697377146187825;72.72727272727273;1.5396058730710491;28186.587261475917;1.539601604686329;27994.499499999994;[27759.2, 25894.6, 32664.6, 38779.0, 33997.5, 29894.4, 32024.3, 33523.3, 32304.594, 29949.8, 34880.6, 33943.5];[4322.12, 4144.37, 3956.14, 4152.51, 4021.87, 3984.14, 3935.8, 4194.8, 4321.46, 4224.3, 4286.05, 4137.84];INICIO;2024-11-30;mean_combination
150;12;hybrid_agent_qwen3=14b_mychen76;0.8092435607885665;72.72727272727273;1.3594129480004078;17642.4172285365;1.3594076889452051;17608.594988333334;[21710.94746, 21828.88225, 19417.10688, 20128.1413, 21399.18841, 22469.04167, 21950.60507, 23234.82609, 23498.74638, 21387.5, 22837.7808, 21121.77355];[4322.12, 4144.37, 3956.14, 4152.51, 4021.87, 3984.14, 3935.8, 4194.8, 4321.46, 4224.3, 4286.05, 4137.84];INICIO;2024-11-30;mean_combination
151;12;hybrid_agent_qwen3=14b_mychen76;0.9168936129379665;72.72727272727273;1.6931382867432296;45835.998014011515;1.6931351490113749;45773.443869999996;[47791.38768, 49352.25543, 47231.15217, 47780.96558, 50456.8442, 50407.00181, 49276.56703, 54664.31703, 54278.56703, 46677.86051, 50811.71377, 50234.0942];[4322.12, 4144.37, 3956.14, 4152.51, 4021.87, 3984.14, 3935.8, 4194.8, 4321.46, 4224.3, 4286.05, 4137.84];INICIO;2024-11-30;mean_combination
152;12;hybrid_agent_qwen3=14b_mychen76;0.7310666308739256;63.63636363636363;1.1525841581622223;11296.036389650388;1.152578261437181;11278.027053333333;[14956.63587, 15702.7192, 14401.98732, 14755.63406, 15492.0779, 16051.60688, 15321.30254, 16277.81341, 15645.9058, 14530.19384, 16546.16304, 15335.68478];[4322.12, 4144.37, 3956.14, 4152.51, 4021.87, 3984.14, 3935.8, 4194.8, 4321.46, 4224.3, 4286.05, 4137.84];INICIO;2024-11-30;mean_combination
153;12;hybrid_agent_qwen3=14b_mychen76;0.9940765670424953;72.72727272727273;1.9764466738805424;701560.4033908657;1.9764463925248357;699110.9528333334;[653086.38, 617924.879, 603263.692, 659089.707, 718650.739, 723260.459, 702023.283, 788296.564, 778885.317, 737505.601, 770063.767, 686962.446];[4322.12, 4144.37, 3956.14, 4152.51, 4021.87, 3984.14, 3935.8, 4194.8, 4321.46, 4224.3, 4286.05, 4137.84];INICIO;2024-11-30;mean_combination
154;12;hybrid_agent_qwen3=14b_mychen76;0.863198405277437;90.9090909090909;1.518819879602816;26267.714122121044;1.5188154672834806;26210.8835;[30441.699, 30220.434, 29050.05, 33112.407, 32349.39, 29935.683, 27325.833, 28840.871, 28939.365, 29178.862, 32504.115, 32313.293];[4322.12, 4144.37, 3956.14, 4152.51, 4021.87, 3984.14, 3935.8, 4194.8, 4321.46, 4224.3, 4286.05, 4137.84];INICIO;2024-11-30;mean_combination
155;12;hybrid_agent_qwen3=14b_mychen76;27.630295563866856;54.54545454545455;1.8628487387655364;3995.3040014300436;1.8628052440205911;3993.1330833333336;[165.294, 139.696, 163.009, 140.918, 155.074, 128.163, 156.849, 141.042, 176.277, 108.633, 158.057, 130.791];[4322.12, 4144.37, 3956.14, 4152.51, 4021.87, 3984.14, 3935.8, 4194.8, 4321.46, 4224.3, 4286.05, 4137.84];INICIO;2024-11-30;mean_combination
156;12;hybrid_agent_qwen3=14b_mychen76;38.419453006991326;36.36363636363637;1.8992599377548753;4035.464626254526;1.8992151767627787;4033.240916666666;[112.555, 122.337, 111.546, 96.549, 107.288, 118.159, 107.692, 89.275, 118.495, 123.29, 95.99, 79.333];[4322.12, 4144.37, 3956.14, 4152.51, 4021.87, 3984.14, 3935.8, 4194.8, 4321.46, 4224.3, 4286.05, 4137.84];INICIO;2024-11-30;mean_combination
157;12;hybrid_agent_qwen3=14b_mychen76;0.26412067314192494;63.63636363636363;0.2144391218646605;941.7200521550092;0.21443606670387313;757.0791666666668;[2387.156, 2547.051, 2517.999, 3484.17, 3416.688, 3271.481, 3374.462, 3867.226, 3815.769, 3722.889, 4148.206, 4232.327];[4322.12, 4144.37, 3956.14, 4152.51, 4021.87, 3984.14, 3935.8, 4194.8, 4321.46, 4224.3, 4286.05, 4137.84];INICIO;2024-11-30;mean_combination
158;12;hybrid_agent_qwen3=14b_mychen76;0.7414828049751162;63.63636363636363;1.178632504295994;11935.476769099514;1.1786266581379605;11907.675000000001;[15909.40217, 16138.09239, 14497.97464, 14810.99638, 15737.86051, 16216.93478, 15590.94384, 17610.2337, 17006.38587, 15663.01268, 17244.75, 16146.91304];[4322.12, 4144.37, 3956.14, 4152.51, 4021.87, 3984.14, 3935.8, 4194.8, 4321.46, 4224.3, 4286.05, 4137.84];INICIO;2024-11-30;mean_combination
159;12;hybrid_agent_qwen3=14b_mychen76;0.986436840289164;81.81818181818181;1.946477666135107;304103.3230762589;1.9464770359783323;303002.0710833333;[307279.623, 279463.513, 240461.581, 309636.013, 311441.626, 313750.827, 289510.55, 322272.838, 335793.364, 324057.711, 340777.263, 311261.344];[4322.12, 4144.37, 3956.14, 4152.51, 4021.87, 3984.14, 3935.8, 4194.8, 4321.46, 4224.3, 4286.05, 4137.84];INICIO;2024-11-30;mean_combination
160;12;hybrid_agent_qwen3=14b_mychen76;0.305970990180722;72.72727272727273;0.3677565606034951;2055.8486203723955;0.3677530225335423;1920.2015833333332;[5216.002, 4911.182, 4683.927, 5947.988, 6710.991, 6383.195, 6008.53, 7095.231, 7051.673, 6456.02, 6419.512, 5839.568];[4322.12, 4144.37, 3956.14, 4152.51, 4021.87, 3984.14, 3935.8, 4194.8, 4321.46, 4224.3, 4286.05, 4137.84];INICIO;2024-11-30;mean_combination
161;12;hybrid_agent_qwen3=14b_mychen76;0.9876969268346164;72.72727272727273;1.9513926902939556;339454.9556990813;1.9513921167207615;336829.7888333333;[344473.893, 309413.757, 289596.881, 351203.459, 402577.346, 279206.265, 310665.1, 344436.786, 334668.585, 315926.644, 416256.763, 393213.387];[4322.12, 4144.37, 3956.14, 4152.51, 4021.87, 3984.14, 3935.8, 4194.8, 4321.46, 4224.3, 4286.05, 4137.84];INICIO;2024-11-30;mean_combination
162;12;hybrid_agent_qwen3=14b_mychen76;0.9449054092789032;72.72727272727273;1.7912009515063787;71668.9474311295;1.7911986950237946;71442.19625;[74926.653, 71353.802, 70307.273, 75560.54, 75102.114, 80203.941, 83468.857, 87210.728, 79060.758, 67309.105, 72509.534, 69974.45];[4322.12, 4144.37, 3956.14, 4152.51, 4021.87, 3984.14, 3935.8, 4194.8, 4321.46, 4224.3, 4286.05, 4137.84];INICIO;2024-11-30;mean_combination
163;12;hybrid_agent_qwen3=14b_mychen76;0.9636016266850923;72.72727272727273;1.8595337795720335;110137.87742588107;1.8595322010676323;109925.86991666666;[113274.711, 106221.056, 98712.152, 110845.434, 117116.385, 117574.839, 112189.904, 122651.027, 121848.75, 115739.803, 123014.728, 109603.05];[4322.12, 4144.37, 3956.14, 4152.51, 4021.87, 3984.14, 3935.8, 4194.8, 4321.46, 4224.3, 4286.05, 4137.84];INICIO;2024-11-30;mean_combination
164;12;hybrid_agent_qwen3=14b_mychen76;0.9077604925404966;72.72727272727273;1.662268123057953;40934.58540556607;1.6622647315870402;40854.22013833333;[44243.50181, 43578.03442, 41135.83333, 41942.71014, 44990.59964, 45521.47464, 44229.24094, 50123.7971, 50121.4058, 45188.87862, 45297.20109, 43559.36413];[4322.12, 4144.37, 3956.14, 4152.51, 4021.87, 3984.14, 3935.8, 4194.8, 4321.46, 4224.3, 4286.05, 4137.84];INICIO;2024-11-30;mean_combination
165;12;hybrid_agent_qwen3=14b_mychen76;0.9923673113111645;54.54545454545455;1.9697011380762002;539916.0425025434;1.9697007776260487;539324.5854166667;[510000.922, 524759.348, 524789.842, 532117.368, 526591.149, 548223.147, 570583.013, 558191.33, 576658.51, 559408.033, 584531.46, 505722.303];[4322.12, 4144.37, 3956.14, 4152.51, 4021.87, 3984.14, 3935.8, 4194.8, 4321.46, 4224.3, 4286.05, 4137.84];INICIO;2024-11-30;mean_combination
166;12;hybrid_agent_qwen3=14b_mychen76;0.7652711393455546;63.63636363636363;1.239816842669366;13554.976536948203;1.2398111507687242;13529.3964675;[17648.4692, 17656.59964, 15837.4058, 16414.94384, 17536.46739, 18364.54529, 17346.22283, 19045.20471, 18643.98551, 17773.16304, 18589.04529, 17178.10507];[4322.12, 4144.37, 3956.14, 4152.51, 4021.87, 3984.14, 3935.8, 4194.8, 4321.46, 4224.3, 4286.05, 4137.84];INICIO;2024-11-30;mean_combination
167;12;hybrid_agent_qwen3=14b_mychen76;45.41145807862858;45.45454545454545;1.9029341448202641;4038.68970951801;1.9028892378053834;4036.6166666666672;[154.0, 62.0, 62.0, 92.0, 124.0, 157.0, 62.0, 157.0, 62.0, 124.0, 124.0, 62.0];[4322.12, 4144.37, 3956.14, 4152.51, 4021.87, 3984.14, 3935.8, 4194.8, 4321.46, 4224.3, 4286.05, 4137.84];INICIO;2024-11-30;mean_combination
168;12;hybrid_agent_qwen3=14b_mychen76;0.9825061214708999;72.72727272727273;1.9312294936591672;233308.6182488805;1.931228690690684;232954.63316666664;[249613.224, 231029.327, 205966.345, 231204.287, 237607.657, 239814.06, 226799.045, 253535.829, 246974.032, 240053.157, 253264.036, 229275.999];[4322.12, 4144.37, 3956.14, 4152.51, 4021.87, 3984.14, 3935.8, 4194.8, 4321.46, 4224.3, 4286.05, 4137.84];INICIO;2024-11-30;mean_combination
169;12;hybrid_agent_qwen3=14b_mychen76;0.8681744050644489;54.54545454545455;1.5345504787436142;27810.24097095547;1.5345461688426212;27588.53466666667;[29030.334, 28425.01, 26156.118, 30123.222, 30338.764, 31423.789, 30518.259, 35234.132, 34216.697, 40104.511, 34480.892, 30692.088];[4322.12, 4144.37, 3956.14, 4152.51, 4021.87, 3984.14, 3935.8, 4194.8, 4321.46, 4224.3, 4286.05, 4137.84];INICIO;2024-11-30;mean_combination
170;12;hybrid_agent_qwen3=14b_mychen76;0.9130386672113096;72.72727272727273;1.6800634290903975;43737.900208061015;1.6800601817173912;43628.73447999999;[47167.30616, 45060.62681, 42223.68297, 43227.8279, 47397.88768, 49226.45471, 46568.20833, 53101.93116, 52042.66667, 48554.43116, 50783.38043, 47871.80978];[4322.12, 4144.37, 3956.14, 4152.51, 4021.87, 3984.14, 3935.8, 4194.8, 4321.46, 4224.3, 4286.05, 4137.84];INICIO;2024-11-30;mean_combination
171;12;hybrid_agent_qwen3=14b_mychen76;0.9001354168584519;81.81818181818181;1.6369083965374578;37627.60188023503;1.636904803602121;37492.511083333324;[41569.0, 40479.886, 36701.5, 38525.788, 39653.0, 40215.99, 37234.35, 43709.0, 45157.0, 43937.5, 47824.019, 44584.5];[4322.12, 4144.37, 3956.14, 4152.51, 4021.87, 3984.14, 3935.8, 4194.8, 4321.46, 4224.3, 4286.05, 4137.84];INICIO;2024-11-30;mean_combination
172;12;hybrid_agent_qwen3=14b_mychen76;1.6172120377922463;45.45454545454545;0.872418668127486;2521.1499691516933;0.8724033663968164;2496.0174166666666;[2044.171, 2421.852, 1775.086, 1552.462, 1621.739, 1228.788, 1410.354, 1433.102, 1371.455, 1277.424, 1564.684, 2028.074];[4322.12, 4144.37, 3956.14, 4152.51, 4021.87, 3984.14, 3935.8, 4194.8, 4321.46, 4224.3, 4286.05, 4137.84];INICIO;2024-11-30;mean_combination
173;12;hybrid_agent_qwen3=14b_mychen76;3.728551212090635;63.63636363636363;1.2713592946052132;3217.518528301158;1.2713340218266767;3207.1132500000003;[1440.323, 1289.62, 1127.965, 919.451, 963.815, 756.934, 666.058, 967.404, 580.617, 738.445, 904.931, 840.478];[4322.12, 4144.37, 3956.14, 4152.51, 4021.87, 3984.14, 3935.8, 4194.8, 4321.46, 4224.3, 4286.05, 4137.84];INICIO;2024-11-30;mean_combination
174;12;hybrid_agent_qwen3=14b_mychen76;0.7380520004049164;81.81818181818181;1.1701733764103073;11738.743493136622;1.1701675167614016;11707.675150833335;[15384.39493, 15632.93478, 14732.01087, 15439.72464, 16850.69022, 16523.61594, 15477.52536, 16991.29348, 17128.03442, 14500.05797, 16446.61413, 15066.60507];[4322.12, 4144.37, 3956.14, 4152.51, 4021.87, 3984.14, 3935.8, 4194.8, 4321.46, 4224.3, 4286.05, 4137.84];INICIO;2024-11-30;mean_combination
175;12;hybrid_agent_qwen3=14b_mychen76;0.719573462759374;72.72727272727273;1.1246027363086413;10716.850789180102;1.1245967985162162;10676.558303333333;[14069.5471, 14022.88043, 13693.39855, 14193.41123, 15056.27355, 15696.05435, 14941.0308, 16886.9529, 16087.32246, 14181.27899, 14841.42935, 14130.51993];[4322.12, 4144.37, 3956.14, 4152.51, 4021.87, 3984.14, 3935.8, 4194.8, 4321.46, 4224.3, 4286.05, 4137.84];INICIO;2024-11-30;mean_combination
176;12;hybrid_agent_qwen3=14b_mychen76;0.92431255408397;81.81818181818181;1.718590851506159;50692.10193799447;1.7185879302719023;50639.220583333336;[56015.838, 57979.956, 51996.966, 55760.569, 55458.55, 54857.132, 51288.412, 56394.035, 53661.395, 50229.044, 57211.65, 56498.5];[4322.12, 4144.37, 3956.14, 4152.51, 4021.87, 3984.14, 3935.8, 4194.8, 4321.46, 4224.3, 4286.05, 4137.84];INICIO;2024-11-30;mean_combination
177;12;hybrid_agent_qwen3=14b_mychen76;0.41994692685906804;63.63636363636363;0.5532458910616197;3939.6086681908314;0.5532413743443813;3460.6566666666663;[7273.158, 8833.044, 8227.238, 10045.314, 8832.5, 6259.001, 5315.93, 5724.603, 5381.015, 5396.261, 9187.99, 10733.226];[4322.12, 4144.37, 3956.14, 4152.51, 4021.87, 3984.14, 3935.8, 4194.8, 4321.46, 4224.3, 4286.05, 4137.84];INICIO;2024-11-30;mean_combination
178;12;hybrid_agent_qwen3=14b_mychen76;26.96920324074962;72.72727272727273;1.853750824094482;3984.0519554460925;1.8537076208331393;3982.188333333334;[126.403, 258.366, 101.591, 137.479, 133.586, 112.332, 160.566, 195.475, 187.593, 160.394, 198.847, 122.508];[4322.12, 4144.37, 3956.14, 4152.51, 4021.87, 3984.14, 3935.8, 4194.8, 4321.46, 4224.3, 4286.05, 4137.84];INICIO;2024-11-30;mean_combination
179;12;hybrid_agent_qwen3=14b_mychen76;15.024491374754113;27.272727272727273;1.763147465774585;3882.417600952884;1.7631073710168559;3879.8727500000005;[278.308, 226.617, 256.695, 266.327, 284.467, 247.448, 294.798, 288.328, 241.534, 250.521, 236.798, 251.086];[4322.12, 4144.37, 3956.14, 4152.51, 4021.87, 3984.14, 3935.8, 4194.8, 4321.46, 4224.3, 4286.05, 4137.84];INICIO;2024-11-30;mean_combination
180;12;hybrid_agent_qwen3=14b_mychen76;0.9708530032505372;72.72727272727273;1.8867184726432271;138216.9001578872;1.886717181065081;138073.17175;[153177.035, 140137.189, 132185.162, 145974.935, 140963.568, 145252.221, 132466.493, 143747.784, 135524.642, 141556.275, 151858.997, 143715.16];[4322.12, 4144.37, 3956.14, 4152.51, 4021.87, 3984.14, 3935.8, 4194.8, 4321.46, 4224.3, 4286.05, 4137.84];INICIO;2024-11-30;mean_combination
181;12;hybrid_agent_qwen3=14b_mychen76;0.9417199082057186;63.63636363636363;1.7797506526239146;67164.53776087637;1.779748285063152;67062.12789916666;[70051.51268, 70745.30254, 65742.69565, 65777.26087, 72780.47645, 71413.61051, 73171.88587, 78283.77899, 75148.66304, 69493.89674, 74907.10145, 66910.75];[4322.12, 4144.37, 3956.14, 4152.51, 4021.87, 3984.14, 3935.8, 4194.8, 4321.46, 4224.3, 4286.05, 4137.84];INICIO;2024-11-30;mean_combination
